"municpality","corruption","council.age","margin","reelected","transfers","poverty"
1100122,0,1,19.6280002593994,0,75.2600014209747,26.9950008392334
1100502,75,NA,8.73600006103516,0,28.3100008964539,43.1689987182617
1100809,40.0000005960464,12,15.0909996032715,0,36.039999127388,49.4099998474121
1101401,0,10,48.9500007629395,1,72.2400009632111,38.2210006713867
1101435,66.6666686534882,10,3.13700008392334,0,31.9000005722046,52.2599983215332
1101450,60.0000023841858,0,1.44099998474121,1,23.3799979090691,60.7270011901855
1200013,0,10,18.0179996490479,0,26.2800008058548,55.1590003967285
1200104,0,16,34.0699996948242,1,50.4000008106232,54.4970016479492
1200328,0,11,15,0,64.0599966049194,91.5419998168945
1200336,16.666667163372,13,27.7140007019043,0,57.2899997234344,66.0400009155273
1200708,14.2857149243355,10,2.22199988365173,0,45.1200008392334,56.8959999084473
1300060,0,12,19.8540000915527,1,39.2700016498566,79.6380004882812
1300300,20.0000002980232,9,14.6359996795654,1,60.2400004863739,74.8199996948242
1300607,0,1,28.5799999237061,1,55.1400005817413,75.9130020141602
1300680,40.0000005960464,14,10.0880002975464,0,42.7100002765656,81.9759979248047
1300805,0,18,28.6000003814697,1,62.6399993896484,80.7740020751953
1301001,0,10,2.53800010681152,0,36.9100004434586,80.3629989624023
1301100,66.6666686534882,16,3.10400009155273,0,49.7199982404709,60.3880004882812
1301159,0,16,7.60400009155273,1,44.2499965429306,72.6829986572266
1301605,16.666667163372,9,0.550000011920929,0,57.150000333786,86.9700012207031
1301605,0,12,7.17999982833862,0,54.150003194809,86.9700012207031
1302702,100,NA,5.5479998588562,0,72.4200010299683,74.9359970092773
1302801,0,10,4.04899978637695,0,26.3400018215179,84.5240020751953
1302900,12.5,5,15.0340003967285,1,50.67999958992,73.7809982299805
1303007,12.5,7,2.76799988746643,1,28.8800001144409,75.8730010986328
1304062,40.0000005960464,28,3.3199999332428,0,NA,55.9700012207031
1400027,0,NA,2.0699999332428,0,57.8399956226349,65.9879989624023
1400159,0,7,7.22100019454956,0,44.1299974918365,62.9189987182617
1400209,40.0000005960464,8,2.34299993515015,0,34.9400013685226,48.048999786377
1400407,40.0000005960464,NA,2.375,0,63.9800012111664,78.8369979858398
1500107,66.6666686534882,11,0.778999984264374,0,75.1900017261505,64.693000793457
1500503,0,14,22.2280006408691,0,NA,49.6599998474121
1500602,0,13,12.7959995269775,0,39.8399978876114,37.6609992980957
1500909,40.0000005960464,11,0.800000011920929,1,57.9499959945679,76.9680023193359
1501758,50,11,2.32399988174438,0,30.8599978685379,60.1910018920898
1502301,0,NA,10.3170003890991,0,NA,74.8980026245117
1502764,75,9,15.9370002746582,0,21.6999992728233,38.3440017700195
1502939,60.0000023841858,1,2.43700003623962,1,NA,58.5069999694824
1503044,0,9,23.5109996795654,0,47.0899999141693,62.8639984130859
1503200,0,13,6.07200002670288,0,57.5100004673004,62.8460006713867
1503408,20.0000002980232,15,22.1399993896484,1,47.4900007247925,64.9739990234375
1504059,40.0000005960464,9,37.6940002441406,1,42.4100011587143,58.7900009155273
1504422,60.0000023841858,3,11.8050003051758,1,85.3399991989136,49.1380004882812
1504950,0,13,8.11999988555908,0,52.8599977493286,72.8619995117188
1505205,20.0000002980232,2,10.0159997940063,1,38.1500005722046,80.0090026855469
1505304,0,10,18.5219993591309,0,22.2299993038177,57.3359985351562
1505403,40.0000005960464,14,0.603999972343445,0,65.8399939537048,70.2160034179688
1505437,33.3333343267441,16,17.1009998321533,0,52.6199996471405,51.3629989624023
1505486,40.0000005960464,11,10.0530004501343,0,39.3799990415573,69.1179962158203
1505494,60.0000023841858,16,15.5200004577637,0,51.4200031757355,65.9089965820312
1505551,25,16,57.2400016784668,0,63.3499979972839,63.2949981689453
1505601,0,10,8.10599994659424,0,50.2399981021881,68.5189971923828
1505650,20.0000002980232,4,4.7979998588562,0,NA,52.109001159668
1505700,100,NA,7.32000017166138,0,54.610002040863,71.7699966430664
1506559,50,15,0.620000004768372,1,58.050000667572,78.0080032348633
1507409,0,13,25.8020000457764,0,60.0400030612946,62.4539985656738
1507474,0,12,10.4099998474121,1,24.0400016307831,73.7850036621094
1507706,50,17,43.148998260498,0,33.9100003242493,71.0869979858398
1508126,60.0000023841858,10,7.41099977493286,1,25.2400010824203,49.8839988708496
1600055,14.2857149243355,9,3.78699994087219,0,41.7899996042252,55.8499984741211
1600154,0,8,2.03999996185303,0,47.7799952030182,68.6100006103516
1600238,75,NA,15.0500001907349,0,47.9699969291687,62.4819984436035
1600253,33.3333343267441,7,7.3600001335144,0,34.5299988985062,72.6309967041016
1600303,25,4,12.4910001754761,1,44.3599998950958,35.4049987792969
1600535,41.6666656732559,5,18.8999996185303,1,71.4600026607513,52.3460006713867
1600808,25,9,14.5459995269775,0,40.26999771595,57.5309982299805
1700350,0,5,0.708000004291534,0,42.7900016307831,54.7729988098145
1702000,0,12,6.84800004959106,0,37.279999256134,39.132999420166
1703701,0,14,7.36399984359741,0,29.449999332428,64.5530014038086
1707009,0,13,8.45800018310547,0,49.0199983119965,51.0449981689453
1707108,0,12,11.6579999923706,0,52.8699994087219,55.5369987487793
1707553,0,11,16.193000793457,0,22.4199995398521,55.2869987487793
1707652,0,14,26.42799949646,0,18.9900010824203,48.0589981079102
1708205,0,12,3.03699994087219,0,45.2399998903275,50.7999992370605
1708254,20.0000002980232,11,21.0939998626709,0,30.0999999046326,58.4169998168945
1709005,0,10,0.509999990463257,0,55.5899977684021,82.7050018310547
1709807,20.0000002980232,4,11.5819997787476,0,26.6300022602081,67.8740005493164
1712504,0,15,43.439998626709,0,35.5100005865097,46.7060012817383
1712702,0,10,1.76999998092651,0,16.5800005197525,80.8040008544922
1713205,28.571429848671,13,11.1169996261597,0,52.9399991035461,39.75
1715705,40.0000005960464,9,19.6240005493164,0,30.9200018644333,73.2460021972656
1716109,0,NA,1.90799999237061,0,49.7100025415421,34.2179985046387
1717909,25,13,6.69299983978271,0,56.5900027751923,66.9619979858398
1718006,20.0000002980232,14,8.37399959564209,1,38.850000500679,71.0869979858398
1718709,25,7,6.88600015640259,0,17.2299981117249,58.2220001220703
1718907,50,16,6.80000019073486,0,44.7899997234344,71.9029998779297
1719004,20.0000002980232,10,21.1979999542236,1,42.6899999380112,71.745002746582
1720200,50,13,8.45800018310547,0,59.3800008296967,78.0749969482422
1720499,0,13,8.58199977874756,1,34.850001335144,59.4210014343262
1721307,0,6,26.9799995422363,0,24.5900005102158,71.3150024414062
2100105,0,NA,16.6989994049072,1,25.7999986410141,82.7480010986328
2100154,0,NA,15.4130001068115,0,52.0099997520447,84.6940002441406
2100477,66.6666686534882,8,10.4099998474121,0,56.1299979686737,81.0970001220703
2101004,40.0000005960464,9,39.0089988708496,1,NA,65.7129974365234
2101202,12.5,12,4.48799991607666,0,79.9700021743774,65.2669982910156
2101251,37.5,7,1.51800000667572,1,49.549999833107,78.1869964599609
2101806,0,12,7.40000009536743,0,37.0399981737137,75.3130035400391
2101939,66.6666686534882,8,11.5860004425049,0,46.629998087883,74.0550003051758
2102309,60.0000023841858,14,13.7419996261597,0,51.1300027370453,81.2919998168945
2102358,50,12,32.9599990844727,1,63.5600030422211,82.4000015258789
2102705,11.1111111938953,10,64.5439987182617,1,66.1099970340729,89.2740020751953
2102903,50,13,6.62599992752075,0,NA,78.4589996337891
2103109,25,0,9.60499954223633,0,48.7500041723251,77.1490020751953
2103406,25,18,35.0999984741211,0,167.830014228821,70.8270034790039
2103604,0,NA,12.5100002288818,0,70.5999970436096,79.588996887207
2103802,60.0000023841858,10,9.62399959564209,1,65.4500007629395,59.3349990844727
2104073,0,9,9.86699962615967,0,49.4299978017807,79.0270004272461
2104107,20.0000002980232,12,19.1399993896484,0,50,73.0029983520508
2104602,0,14,3.40000009536743,0,42.5200015306473,77.9219970703125
2104701,33.3333343267441,7,6.80200004577637,0,40.149998664856,73.2350006103516
2105104,33.3333343267441,10,3.37199997901917,0,52.2300004959106,85.2379989624023
2105450,66.6666686534882,8,10.4180002212524,0,42.069998383522,65.6989974975586
2105476,20.0000002980232,10,3.48799991607666,0,64.0399992465973,81.6529998779297
2105609,20.0000002980232,NA,9.01200008392334,1,48.5600024461746,80.7470016479492
2106409,100,17,94.1600036621094,0,82.7199995517731,81.9779968261719
2107209,40.0000005960464,14,6.84899997711182,0,60.2999985218048,84.7939987182617
2107258,0,13,4.19000005722046,1,49.0800023078918,81.0630035400391
2108900,12.5,NA,7.06199979782104,0,74.509996175766,79.2490005493164
2109270,50,10,11.6400003433228,0,73.1399953365326,79.2969970703125
2109502,16.666667163372,NA,9.16399955749512,0,54.4200003147125,74.0579986572266
2110005,60.0000023841858,9,6.29899978637695,0,59.6400022506714,78.8639984130859
2110104,100,NA,32.2089996337891,0,50.900000333786,83.3320007324219
2110500,55.5555582046509,12,15.8699998855591,1,65.7299995422363,76.1620025634766
2111003,75,NA,7.75899982452393,0,71.3899970054626,86.4909973144531
2111201,21.4285716414452,15,2.16899991035461,0,46.0500001907349,57.007999420166
2111409,0,1,2.46900010108948,0,48.9000022411346,80.8330001831055
2111607,28.571429848671,NA,25.5979995727539,0,30.7000011205673,69.9120025634766
2111904,16.666667163372,14,7.32600021362305,1,39.5799994468689,76.6429977416992
2112001,60.0000023841858,10,10.3620004653931,0,36.7200016975403,74.4909973144531
2112456,33.3333343267441,9,9.89999961853027,0,55.8600008487701,80.995002746582
2112704,71.4285731315613,NA,4.55999994277954,0,59.1300010681152,84.3109970092773
2200202,28.571429848671,13,24.3269996643066,0,73.7599968910217,60.0900001525879
2200277,0,15,100,1,44.0500020980835,60.9980010986328
2200301,0,13,8.22599983215332,1,62.2500002384186,78.3840026855469
2200400,50,17,18.5990009307861,0,53.3800005912781,69.8450012207031
2200509,20.0000002980232,16,3.28699994087219,0,61.6699993610382,69.9359970092773
2200608,16.666667163372,16,0.416999995708466,0,48.870000243187,69.0550003051758
2201408,0,NA,10.8079996109009,1,57.1200013160706,63.6040000915527
2201572,20.0000002980232,12,100,1,30.9399992227554,76.7300033569336
2201739,14.2857149243355,8,100,0,56.4899981021881,88.2509994506836
2201903,0,13,7.84600019454956,0,52.3999989032745,63.0009994506836
2202174,16.666667163372,10,10.9320001602173,0,47.4100023508072,85.4469985961914
2202406,0,11,9.84099960327148,0,65.530002117157,78.0410003662109
2202554,0,8,10.3559999465942,0,42.4100011587143,78.1259994506836
2202711,0,7,41.9440002441406,1,60.6700003147125,72.2539978027344
2202851,0,10,6.11399984359741,0,38.1100028753281,74.7320022583008
2203404,0,16,7.17999982833862,1,45.6499993801117,65.0319976806641
2203420,0,11,4.86999988555908,0,45.2399998903275,82.8580017089844
2203453,0,15,31.7800006866455,0,47.1699982881546,76.7239990234375
2203701,25,19,17.1100006103516,0,56.8400025367737,71.3320007324219
2203800,33.3333343267441,13,3.50999999046326,0,36.8400007486343,73.6289978027344
2205151,25,10,5.03000020980835,0,NA,78.2070007324219
2205276,0,6,6.88500022888184,0,44.9199974536896,72.370002746582
2205581,0,12,7.59999990463257,1,43.7399983406067,78.0970001220703
2206100,50,10,32.273998260498,0,57.6600015163422,79.1650009155273
2206696,0,11,3.2039999961853,0,52.7700006961823,86.8099975585938
2206753,0,8,0.217999994754791,0,51.3500034809113,75.8789978027344
2207306,0,17,0.400000005960464,0,58.490002155304,74.7129974365234
2207777,16.666667163372,9,8.56599998474121,1,41.049998998642,76.265998840332
2207801,0,13,0.628000020980835,0,46.900001168251,68.1809997558594
2208601,14.2857149243355,14,0.846000015735626,1,36.0200017690659,74.8349990844727
2209005,0,11,1.16400003433228,0,56.360000371933,64.7630004882812
2209377,40.0000005960464,17,14.5600004196167,1,45.4500019550323,76.0260009765625
2209401,25,13,0.150000005960464,0,49.3699997663498,52.8580017089844
2209450,0,9,16.3640003204346,0,40.4799997806549,78.8079986572266
2210003,16.666667163372,7,12.5520000457764,1,81.9599986076355,62.5870018005371
2210359,16.666667163372,10,15.5480003356934,0,41.9400006532669,73.7419967651367
2210391,0,8,2.28399991989136,0,36.4599972963333,81.7080001831055
2210631,20.0000002980232,9,17.7159996032715,0,38.6399984359741,76.4240036010742
2210805,50,7,4.84000015258789,1,75.2499997615814,61.0610008239746
2210938,0,9,1.2039999961853,0,48.9600002765656,67.6579971313477
2211704,0,8,47.0200004577637,1,49.6499985456467,76.9410018920898
2300200,50,15,9.95400047302246,0,45.4600006341934,73.4690017700195
2300309,0,17,4.56400012969971,0,68.5400009155273,74.3499984741211
2300408,0,14,25.5580005645752,1,42.1600013971329,82.3619995117188
2300754,40.0000005960464,4,3.73399996757507,1,67.9499983787537,79.7839965820312
2302057,25,10,7.96999979019165,0,37.9299998283386,79.8529968261719
2302206,0,21,17.7099990844727,0,46.7400014400482,73.4039993286133
2303303,54.5454561710358,15,9.96599960327148,0,53.8899958133698,73.0390014648438
2303600,33.3333343267441,13,50.1300010681152,0,46.3299989700317,81.2040023803711
2303907,0,NA,7.78999996185303,0,54.2900025844574,79.0839996337891
2304236,0,NA,11.4499998092651,0,50.4700005054474,83.0630035400391
2304509,75,10,27.9139995574951,0,42.3099994659424,76.7109985351562
2304608,0,5,7.56599998474121,1,27.5999993085861,82.2710037231445
2304707,58.3333313465118,10,18.4489994049072,1,40.0700032711029,82.0999984741211
2305605,0,15,4.41800022125244,0,44.1700011491776,66.8430023193359
2306256,50,6,8.41300010681152,0,44.1399991512299,60.4049987792969
2306553,33.3333343267441,11,48.0499992370605,0,51.5399932861328,78.2809982299805
2306603,0,15,30.5109996795654,0,42.8400009870529,82.2770004272461
2306801,0,14,2.26999998092651,0,44.7699993848801,65.4599990844727
2307502,33.3333343267441,12,16.3099994659424,0,45.2399998903275,71.5250015258789
2307809,25,15,5.78800010681152,1,56.9100022315979,71.2839965820312
2308351,16.666667163372,16,5.49399995803833,0,45.6699967384338,68.4029998779297
2308906,33.3333343267441,16,3.97000002861023,0,40.2599990367889,76.681999206543
2309201,28.571429848671,15,17.6019992828369,0,48.1700003147125,68.9690017700195
2309300,60.0000023841858,6,3.76600003242493,1,54.8299968242645,67.2379989624023
2309409,9.0909093618393,11,37.2779998779297,1,53.1899988651276,70.2030029296875
2309607,44.4444447755814,14,2.8989999294281,1,35.5599999427795,58.8110008239746
2309706,14.2857149243355,14,72.9250030517578,1,47.6099997758865,55.9630012512207
2310407,0,7,21.326000213623,1,NA,81.2119979858398
2310704,7.14285746216774,12,7.95599985122681,1,81.2299966812134,71.3619995117188
2310951,0,17,17.9400005340576,1,38.5900020599365,77.1539993286133
2311264,0,10,17.9139995574951,0,24.1399988532066,70.1600036621094
2311355,71.4285731315613,7,20.0900001525879,1,72.4700033664703,74.9349975585938
2311900,40.0000005960464,17,9.30000019073486,0,53.0299961566925,82.7259979248047
2311959,40.0000005960464,11,8.48200035095215,0,48.3800023794174,80.2880020141602
2312502,33.3333343267441,7,7.03000020980835,0,33.9699983596802,60.4169998168945
2312700,42.8571432828903,18,12.4200000762939,1,67.4799978733063,62.3250007629395
2313351,30.0000011920929,14,0.430000007152557,0,49.5099991559982,84.120002746582
2313609,20.0000002980232,14,3.01999998092651,1,53.1700015068054,64.2020034790039
2313757,16.666667163372,19,2.6800000667572,0,36.370000243187,80.7109985351562
2313906,62.5,14,38.4620018005371,1,46.89000248909,81.4789962768555
2400109,11.1111111938953,8,18.7220001220703,0,44.7999984025955,43.4620018005371
2400208,0,17,2.95799994468689,1,41.4199978113174,54.7939987182617
2400406,20.0000002980232,16,38.8800010681152,1,29.0200024843216,77.2559967041016
2400406,0,13,43.9739990234375,0,32.1900010108948,77.2559967041016
2400505,0,13,32.0660018920898,0,47.800001502037,69.0130004882812
2401651,20.0000002980232,8,12.1440000534058,0,34.4500005245209,75.5070037841797
2401800,33.3333343267441,13,59.6710014343262,0,50.1500010490417,66.4100036621094
2401909,40.0000005960464,4,15.0500001907349,1,17.569999396801,67.1480026245117
2402006,0,13,4.25400018692017,0,83.7100028991699,34.2360000610352
2404002,16.666667163372,12,3.32200002670288,1,46.0899978876114,68.9400024414062
2404101,20.0000002980232,7,17.7900009155273,0,NA,70.7409973144531
2404705,12.5,6,1.56400001049042,0,48.7200021743774,68.5690002441406
2405009,0,15,16.7399997711182,1,33.4199994802475,65.6500015258789
2405504,0,2,7.10400009155273,0,16.9400006532669,69.963996887207
2405603,28.571429848671,3,32.9389991760254,0,44.3300008773804,51.8460006713867
2406502,12.5,13,0.504000008106232,1,63.5800004005432,74.3140029907227
2406908,33.3333343267441,19,39.4199981689453,0,20.2800005674362,65.6679992675781
2407401,16.666667163372,4,4.06400012969971,0,51.8899977207184,65.4830017089844
2407708,33.3333343267441,10,16.2689990997314,1,43.75,69.0719985961914
2408409,0,15,1.83599996566772,0,38.9700025320053,67.0390014648438
2409407,16.666667163372,9,2.75600004196167,0,69.6200013160706,43.9160003662109
2409902,71.4285731315613,1,0.259999990463257,1,26.2800008058548,58.5419998168945
2409902,0,6,6.94000005722046,0,37.2200012207031,58.5419998168945
2410306,44.4444447755814,10,23,0,23.6900001764297,74.4749984741211
2410801,0,NA,46.9090003967285,0,41.2200003862381,74.4869995117188
2411502,22.2222223877907,7,50.1440010070801,1,41.9900000095367,67.6139984130859
2411601,20.0000002980232,0,7.81199979782104,0,21.5799987316132,69.8119964599609
2411809,0,6,46.234001159668,1,23.9399999380112,53.4799995422363
2412559,0,12,5.19999980926514,0,70.2899992465973,80.995002746582
2412906,0,1,13.5450000762939,0,54.1499972343445,68.2099990844727
2413003,0,0,26.7399997711182,1,35.3899985551834,63.7919998168945
2413706,25,13,23.6229991912842,0,35.5299979448318,77.6989974975586
2414159,40.0000005960464,8,19.568000793457,0,37.0500028133392,66.5859985351562
2414506,25,10,7.8899998664856,0,45.7500010728836,64.5690002441406
2414605,50,11,31.8129997253418,0,24.1500005125999,73.2870025634766
2414753,0,8,20.753999710083,0,27.7300000190735,85.6449966430664
2500403,33.3333343267441,13,28.4360008239746,1,55.0099968910217,70.8659973144531
2500775,0,0,18.5639991760254,1,47.6300001144409,68.4690017700195
2501351,33.3333343267441,8,14.0200004577637,0,28.2900005578995,67.4240036010742
2501401,0,13,38.507999420166,1,59.2799961566925,71.5979995727539
2501708,0,14,14.0600004196167,0,48.3000010251999,65.4619979858398
2501807,0,11,16.9169998168945,0,63.6099994182587,49.3540000915527
2502052,0,1,100,1,25.1299977302551,81.8850021362305
2502300,0,13,26.2049999237061,0,32.8700006008148,64.9120025634766
2502805,28.571429848671,18,9.44400024414062,0,51.2899994850159,58.0470008850098
2503605,33.3333343267441,13,17.576000213623,0,50.8399963378906,72.3170013427734
2503704,33.3333343267441,15,11.4840002059937,1,74.260002374649,53.0499992370605
2504108,25,15,21.9200000762939,0,23.2500001788139,69.6520004272461
2504207,25,13,13.6660003662109,0,31.58999979496,72.1380004882812
2504355,25,8,29.2000007629395,1,36.1200004816055,62.2630004882812
2504603,14.2857149243355,9,29.6730003356934,0,51.5599966049194,62.6529998779297
2505238,28.571429848671,12,1.32000005245209,0,43.7099993228912,73.6790008544922
2505279,20.0000002980232,7,6.92000007629395,0,34.4199985265732,80.286003112793
2505600,16.666667163372,NA,8.83600044250488,0,45.9899991750717,75.2330017089844
2505808,0,65,100,1,36.5200012922287,70.5080032348633
2506400,37.5,13,4.77199983596802,0,51.1799991130829,70.859001159668
2506509,0,28,4.88600015640259,1,26.4799982309341,60.5480003356934
2506608,25,NA,4.24399995803833,1,40.4300004243851,72.177001953125
2506905,42.8571432828903,11,7.94899988174438,0,70.4100012779236,60.3930015563965
2507002,9.0909093618393,16,4.3899998664856,0,54.3200016021729,59.4790000915527
2507408,20.0000002980232,13,5.37799978256226,0,43.3099985122681,64.1240005493164
2508604,60.0000023841858,10,9.46000003814697,1,42.1000003814697,70.1240005493164
2508802,10.0000001490116,12,3.22399997711182,0,34.909999370575,63.6300010681152
2508901,0,8,24.3799991607666,0,51.4200031757355,65.1679992675781
2511004,60.0000023841858,7,11.0209999084473,0,38.1099998950958,74.7320022583008
2511301,42.8571432828903,11,10.0620002746582,0,65.7100021839142,60.8359985351562
2511806,25,4,3.66599988937378,0,53.5899996757507,65.1309967041016
2512077,20.0000002980232,1,49.8120002746582,0,25.9400010108948,69.2460021972656
2513505,0,NA,33.7039985656738,0,42.0199990272522,80.4720001220703
2513802,44.4444447755814,13,11.835000038147,0,45.8799958229065,71.1029968261719
2513927,25,1,100,0,38.5900020599365,67.9530029296875
2514305,25,9,12.4259996414185,0,30.0899982452393,79.2509994506836
2516102,0,14,8.18400001525879,0,64.9399995803833,60.1349983215332
2516409,0,1,7.78999996185303,0,50.5999982357025,71.7890014648438
2517100,25,11,46.1640014648438,0,21.9600021839142,55.2799987792969
2600401,40.0000005960464,17,4.57000017166138,0,49.5000004768372,76.4039993286133
2601201,25,11,1.35500001907349,0,50.8400022983551,47.3930015563965
2602506,14.2857149243355,10,91.3420028686523,0,38.4199976921082,74.3690032958984
2602704,0,7,0.187999993562698,1,37.5,72.7529983520508
2602803,0,11,18.7759990692139,0,56.2399983406067,77.9739990234375
2603108,25,15,1.45799994468689,1,52.130001783371,49.4550018310547
2603801,0,6,1.71200001239777,1,42.960000038147,71.9100036621094
2605152,66.6666686534882,9,2.66199994087219,1,36.9899988174438,75.2779998779297
2605905,16.666667163372,11,13.0539999008179,0,50.8800029754639,72.7789993286133
2606507,25,15,9.66499996185303,0,57.1300029754639,81.9789962768555
2606804,25,10,55.6310005187988,1,50.1699984073639,53.0369987487793
2607000,66.6666686534882,10,19.6200008392334,0,46.4800000190735,79.5739974975586
2607307,0,13,22.5599994659424,0,32.820001244545,74.6589965820312
2607950,0,7,29.6280002593994,1,50.4700005054474,80.0469970703125
2608305,37.5,11,29.1459999084473,0,45.0800001621246,69.572998046875
2608404,50,13,1.97800004482269,0,42.7500009536743,73.5120010375977
2608453,0,9,7.28599977493286,1,40.5099987983704,62.0379981994629
2609105,66.6666686534882,11,54.9220008850098,1,48.0500012636185,65.8619995117188
2609303,75,15,9.24400043487549,0,53.3500015735626,76.3929977416992
2609501,0,13,2.44000005722046,1,44.8400020599365,58.9119987487793
2611408,33.3333343267441,12,17.492000579834,0,41.959998011589,69.9209976196289
2611533,0,14,17.4580001831055,0,32.3499977588654,77.7160034179688
2612000,40.0000005960464,16,20.3619995117188,0,51.4200031757355,63.9900016784668
2612307,25,11,7.28800010681152,0,53.9299964904785,70.9199981689453
2612406,20.0000002980232,17,9.49400043487549,0,50.7200002670288,61.2700004577637
2612455,37.5,9,12.5459995269775,0,38.4900003671646,80.3919982910156
2612554,20.0000002980232,13,7.55999994277954,0,32.1099996566772,83.4240036010742
2612604,0,13,10.1529998779297,0,39.5700007677078,64.056999206543
2613107,25,16,4.39200019836426,0,44.8499977588654,66.4670028686523
2613503,50,11,23.0100002288818,0,38.9300018548965,72.4739990234375
2613602,41.6666656732559,14,6.58199977874756,0,42.399999499321,62.1370010375977
2614204,0,11,22.6040000915527,1,52.2200047969818,74.9629974365234
2614204,33.3333343267441,14,10.5729999542236,0,38.2500022649765,74.9629974365234
2614501,14.2857149243355,11,13.83899974823,0,57.0200026035309,54.632999420166
2614808,25,9,12.0369997024536,0,32.8700006008148,74.0640029907227
2615300,25,15,8.66300010681152,1,43.7700003385544,62.8530006408691
2616001,16.666667163372,11,8.31799983978271,0,41.5100008249283,63.4609985351562
2701407,83.3333313465118,14,29.3360004425049,0,41.5600031614304,78.4160003662109
2701902,33.3333343267441,13,1.69599997997284,1,49.7000008821487,79.338996887207
2702504,66.6666686534882,11,6.90199995040894,0,32.7999979257584,73.9489974975586
2702900,33.3333343267441,5,35.5919990539551,0,49.1600036621094,81.9189987182617
2703502,50,NA,7.34999990463257,0,38.8099998235703,78.4899978637695
2703601,71.4285731315613,1,19.4090003967285,0,NA,73.4029998779297
2703759,25,5,32.3919982910156,1,43.4300005435944,NA
2704203,40.0000005960464,18,11.9200000762939,0,65.0400042533875,82.4199981689453
2705200,33.3333343267441,14,46.4160003662109,1,46.8700021505356,72.9899978637695
2705804,66.6666686534882,1,53.8120002746582,0,42.9299980401993,82.6959991455078
2705903,14.2857149243355,1,9.36600017547607,0,38.2999986410141,84.2850036621094
2707206,44.4444447755814,9,9.14999961853027,0,39.6699994802475,89.3310012817383
2707909,83.3333313465118,8,0.0989999994635582,0,43.5999989509583,69.4509963989258
2708204,37.5,5,20.3899993896484,1,34.6599996089935,80.9039993286133
2708956,85.7142865657806,8,31.07200050354,1,54.2999982833862,86.4440002441406
2709004,20.0000002980232,NA,1.68499994277954,0,42.6100015640259,78.3919982910156
2709152,50,15,31.007999420166,1,24.8999997973442,73.4680023193359
2709202,75,1,8.82800006866455,0,47.1699982881546,88.2740020751953
2709301,22.2222223877907,NA,0.75900000333786,1,80.4199934005737,68.6969985961914
2800308,25,13,53.3320007324219,1,66.4600014686584,29.6009998321533
2800670,14.2857149243355,13,4.96500015258789,0,61.5199983119965,66.8929977416992
2801306,33.3333343267441,17,62.7000007629395,0,NA,71.5090026855469
2801702,0,10,9.69499969482422,0,40.9499973058701,73.9509963989258
2802007,80.0000011920929,13,79.9779968261719,0,23.8900005817413,68.9800033569336
2802601,0,13,7.64200019836426,1,24.5499983429909,68.4879989624023
2803203,0,12,3.24000000953674,0,33.9100003242493,65.8489990234375
2803708,50,10,15.0979995727539,0,38.6799991130829,64.3830032348633
2803906,25,11,15.8879995346069,0,37.5299990177155,62.5340003967285
2804607,25,NA,17.548999786377,1,56.139999628067,66.2519989013672
2804805,16.666667163372,2,21.6650009155273,1,58.7099969387054,49.1319999694824
2805109,50,8,0.453000009059906,0,45.1700031757355,73.4209976196289
2805208,25,11,26.7210006713867,0,34.689998626709,66.2080001831055
2805406,28.571429848671,8,9.14299964904785,0,41.0799980163574,82.3489990234375
2805802,0,10,16.07200050354,0,40.4399991035461,74.536003112793
2805901,25,13,32.4720001220703,0,38.1600022315979,66.4800033569336
2806008,12.5,11,16.6940002441406,1,45.6900000572205,57.8409996032715
2806404,20.0000002980232,13,5.75400018692017,1,34.4700008630753,73.9089965820312
2806800,0,12,18.6609992980957,0,43.1100010871887,63.484001159668
2807006,0,12,100,1,26.6499996185303,74.2170028686523
2900405,16.666667163372,12,10.996000289917,1,45.0999945402145,78.6220016479492
2901106,14.2857149243355,NA,14.246000289917,0,49.6199995279312,53.2529983520508
2901809,25,13,16.9799995422363,1,35.819998383522,70.822998046875
2902252,25,NA,25.2600002288818,1,41.5699988603592,73.3150024414062
2902658,0,9,12.0240001678467,0,49.4199991226196,71.5749969482422
2904001,71.4285731315613,7,28.7779998779297,0,27.2300004959106,69.7770004272461
2904050,0,13,12.7150001525879,1,45.4900026321411,62.943000793457
2904308,37.5,3,11.1040000915527,1,25.5899995565414,59.3040008544922
2905008,25,13,3.59200000762939,0,40.7800018787384,62.6310005187988
2905503,28.571429848671,NA,3.24900007247925,0,58.899998664856,80.4420013427734
2905602,0,13,4.05000019073486,0,64.0399932861328,67.1920013427734
2906857,20.0000002980232,14,8.04399967193604,0,42.509999871254,61.8460006713867
2906873,0,NA,2.44600009918213,0,45.0399994850159,61.9280014038086
2907103,42.8571432828903,7,12.2200002670288,0,53.7999987602234,77.4380035400391
2907707,25,7,6.18499994277954,1,28.0600011348724,78.5950012207031
2908101,66.6666686534882,0,4.88199996948242,0,37.3799979686737,70.3610000610352
2908804,33.3333343267441,11,1.14999997615814,0,20.3299999237061,62.7540016174316
2909109,0,8,6.35099983215332,0,42.3499971628189,78.3919982910156
2909802,20.0000002980232,8,18.1089992523193,0,62.720000743866,45.7299995422363
2909901,40.0000005960464,2,3.27900004386902,0,52.3699998855591,64.3529968261719
2910750,80.0000011920929,12,29.298999786377,1,27.6699990034103,66.3349990844727
2911204,28.571429848671,7,4.39499998092651,0,30.4700016975403,58.7319984436035
2911303,0,9,13.5740003585815,0,30.91000020504,76.0390014648438
2911402,0,15,0.71399998664856,0,55.7600021362305,69.4049987792969
2911600,33.3333343267441,9,5.23000001907349,1,35.8300000429153,61.5410003662109
2911808,40.0000005960464,NA,20.7819995880127,1,NA,69.036003112793
2912202,20.0000002980232,7,9.73799991607666,1,53.7000000476837,56.6829986572266
2912400,77.7777791023254,12,24.8560009002686,0,36.5099996328354,64.8619995117188
2912608,50,8,16.0909996032715,0,34.3100011348724,74.8130035400391
2912806,25,7,23.8199996948242,0,31.139999628067,53.7869987487793
2912905,25,17,11.7469997406006,0,44.3299978971481,71.931999206543
2913002,0,10,51.8300018310547,1,42.8299993276596,69.1650009155273
2913309,33.3333343267441,16,4.34200000762939,0,38.5299980640411,59.5940017700195
2913457,0,13,2.61999988555908,0,47.2900032997131,74.4359970092773
2913903,0,9,10.2480001449585,0,43.6699986457825,59.3219985961914
2914109,0,11,38.7220001220703,1,50.1699984073639,66.2310028076172
2914653,55.5555582046509,7,41.5260009765625,0,30.7000011205673,65.1500015258789
2914703,42.8571432828903,13,0.300000011920929,0,79.310005903244,57.9959983825684
2914901,0,7,9.86600017547607,1,21.1199998855591,73.1949996948242
2916500,0,16,12.5139999389648,0,45.5200016498566,80.0240020751953
2917201,25,1,74.4339981079102,1,29.2400002479553,62.7019996643066
2917201,33.3333343267441,NA,9.89500045776367,0,30.2900016307831,62.7019996643066
2917300,0,14,7.45800018310547,0,34.0099990367889,68.8430023193359
2917334,20.0000002980232,9,30.4200000762939,1,35.359999537468,72.6669998168945
2922250,0,8,24.3770008087158,0,44.3099975585938,72.1470031738281
2922508,20.0000002980232,NA,8.88099956512451,0,50.7700026035309,59.9179992675781
2923506,0,9,19.3780002593994,0,31.9099992513657,62.2840003967285
2924702,71.4285731315613,8,24.9699993133545,0,22.4199995398521,68.6689987182617
2925402,25,9,3.65400004386902,0,59.2099964618683,75.6620025634766
2926657,0,NA,71.9359970092773,1,30.91000020504,71.484001159668
2927101,33.3333343267441,8,30.1959991455078,0,23.0699986219406,55.8470001220703
2927309,0,14,78.9039993286133,1,48.2500046491623,68.0640029907227
2927507,60.0000023841858,1,0.474000006914139,0,59.1600000858307,72.8970031738281
2928059,25,8,32.5419998168945,0,50.2699971199036,72.2770004272461
2928208,22.2222223877907,13,23.201000213623,0,30.8799982070923,68.6210021972656
2928505,40.0000005960464,NA,9.89400005340576,1,55.6299984455109,71.9029998779297
2928604,14.2857149243355,NA,3.69000005722046,0,35.5900019407272,53.9690017700195
2929255,40.0000005960464,12,38.7719993591309,0,18.4900000691414,71.8769989013672
2929909,0,11,34.7080001831055,0,37.830001115799,63.3429985046387
2930006,40.0000005960464,14,10.8559999465942,0,45.6900030374527,68.2160034179688
2930303,20.0000002980232,13,18.753999710083,1,45.5100029706955,73.745002746582
2930758,33.3333343267441,13,1.58299994468689,0,34.01999771595,80.8740005493164
2930907,0,13,1.79499995708466,0,43.4400022029877,73.2620010375977
2931053,40.0000005960464,6,23.5340003967285,0,49.5500028133392,73.1259994506836
2931509,80.0000011920929,7,23.5209999084473,1,25.6599992513657,72.8690032958984
2932002,100,8,82.9300003051758,0,37.7799987792969,72.1460037231445
2932804,0,9,7.6729998588562,0,52.1500051021576,71.7180023193359
2932903,0,16,4.3289999961853,0,46.1300015449524,56.439998626709
2933257,25,8,16.8449993133545,0,31.4199984073639,66.4420013427734
2933406,0,9,35.9599990844727,0,40.4599994421005,66.9260025024414
3101003,0,11,5.6560001373291,0,51.9199967384338,66.8509979248047
3101300,0,15,13.9700002670288,1,21.7199996113777,41.6300010681152
3102308,0,17,11.8900003433228,0,27.3799985647202,41.7070007324219
3103009,25,15,32.8979988098145,1,19.8800012469292,56.6790008544922
3103504,16.666667163372,13,15.5249996185303,0,49.210000038147,16.0450000762939
3103751,0,10,13.8380002975464,1,8.32000002264977,20.5970001220703
3103900,0,5,100,0,16.9100001454353,21.4050006866455
3104205,0,13,7.25600004196167,0,21.5499982237816,18.6490001678467
3104403,0,9,18.5599994659424,1,24.5700001716614,39.2509994506836
3105301,0,16,9.37199974060059,0,7.36999958753586,15.8870000839233
3108800,0,5,49.1020011901855,1,37.4599993228912,63.9389991760254
3109204,0,3,60.5219993591309,0,36.0199987888336,58.4210014343262
3109501,0,12,16.6919994354248,1,17.8800001740456,18.0319995880127
3109709,0,17,16.5200004577637,0,29.4699996709824,23.6420001983643
3110707,0,11,16.3579998016357,1,35.7600003480911,25.4400005340576
3111002,0,20,100,0,20.5799996852875,22.6459999084473
3111101,30.0000011920929,4,0.624000012874603,0,19.2200005054474,27.3120002746582
3111606,20.0000002980232,10,3.28999996185303,1,42.4399971961975,22.3209991455078
3111804,22.2222223877907,13,19.5650005340576,0,33.3099991083145,26.7649993896484
3112653,20.0000002980232,10,7.94000005722046,0,23.7800002098083,54.3940010070801
3112703,14.2857149243355,7,3.6489999294281,0,57.7000021934509,66.2890014648438
3113107,0,7,14.039999961853,0,11.9300000369549,62.140998840332
3114204,0,17,24.3449993133545,0,22.7300003170967,23.2609996795654
3114501,0,5,1.45700001716614,0,26.4500021934509,32.4220008850098
3114808,0,NA,13.7799997329712,0,29.5200020074844,42.8400001525879
3114907,0,18,4.48000001907349,0,18.979999423027,43.6790008544922
3115474,37.5,12,18.0400009155273,0,34.6300005912781,73.3130035400391
3115508,0,19,2.84999990463257,0,27.7800023555756,25
3116159,37.5,10,34.2350006103516,0,25.9499996900558,70.754997253418
3117009,14.2857149243355,NA,24.1840000152588,0,40.7400012016296,77.6640014648438
3118403,0,9,10.0520000457764,0,28.5800009965897,41.6259994506836
3119500,0,12,20.6639995574951,0,33.789998292923,67.0039978027344
3120508,40.0000005960464,11,9.96399974822998,1,33.9600026607513,40.076000213623
3120706,33.3333343267441,14,22.0160007476807,0,14.5699992775917,23.1490001678467
3120805,0,7,2.81399989128113,0,39.6100014448166,34.0810012817383
3121209,0,14,0.629999995231628,0,11.6999998688698,23.2099990844727
3121506,33.3333343267441,12,4.27400016784668,1,40.599998831749,62.0309982299805
3123809,0,14,17.2169990539551,0,41.5600031614304,58.226001739502
3123858,0,12,23.6560001373291,0,28.999999165535,46.3030014038086
3124104,0,13,6.35799980163574,0,23.3800008893013,39.0050010681152
3124203,14.2857149243355,13,4.74399995803833,0,41.2699997425079,27.7269992828369
3124708,0,16,42.3800010681152,1,11.9799993932247,26.2660007476807
3125408,25,15,24.2600002288818,0,37.2999995946884,70.1439971923828
3125606,40.0000005960464,13,18.4409999847412,0,43.4399992227554,70.3050003051758
3125705,0,13,0.340000003576279,1,30.3800016641617,46.1119995117188
3126604,40.0000005960464,15,1.39999997615814,0,33.840000629425,69.9830017089844
3126901,33.3333343267441,15,18.3799991607666,0,36.2400025129318,49.851001739502
3127404,0,15,31.3799991607666,1,15.6899988651276,28.2520008087158
3128253,0,NA,22.4389991760254,1,37.8200024366379,59.2970008850098
3128253,0,NA,22.4389991760254,1,37.8200024366379,59.2970008850098
3128303,25,NA,3.58100008964539,0,15.5900001525879,19.4150009155273
3128402,0,14,18.5540008544922,0,26.2800008058548,36.1629981994629
3128501,0,NA,33.5559997558594,0,24.6700018644333,29.9449996948242
3128808,0,12,3.9449999332428,0,35.4999989271164,33.4329986572266
3129202,0,14,30.2630004882812,0,20.0499996542931,33.6269989013672
3129301,33.3333343267441,12,18.9139995574951,0,53.3699989318848,50.443000793457
3130705,20.0000002980232,NA,2.78500008583069,0,16.6999995708466,27.7469997406006
3131158,25,11,31.1439990997314,0,41.2700027227402,48.1430015563965
3131406,40.0000005960464,11,6.32200002670288,0,9.20000076293945,27.0809993743896
3131901,0,9,19.4400005340576,0,28.2299995422363,18.7350006103516
3132305,60.0000023841858,8,18.7000007629395,0,48.8800019025803,70.5419998168945
3133006,16.666667163372,8,4.03000020980835,0,50.519996881485,26.4379997253418
3133758,0,11,7.16800022125244,0,17.7699998021126,16.3570003509521
3133808,0,13,13.4659996032715,0,54.4900000095367,13.4910001754761
3134301,0,15,8.01399993896484,1,43.3799982070923,32.8349990844727
3135050,50,12,14.6239995956421,0,53.7500023841858,62.0410003662109
3135100,12.5,14,10.1639995574951,0,53.2999992370605,50.234001159668
3135357,25,8,2.78800010681152,0,36.4699989557266,76.318000793457
3135704,0,7,49.8279991149902,1,32.7299982309341,52.193000793457
3136504,16.666667163372,13,13.1560001373291,1,NA,68.1520004272461
3137304,0,13,50.6559982299805,1,26.7299979925156,65.4919967651367
3137502,14.2857149243355,12,3.74799990653992,0,34.2500001192093,22.2859992980957
3138005,20.0000002980232,13,11.6000003814697,0,34.170001745224,32.4249992370605
3138658,28.571429848671,11,8.13199996948242,0,32.2999984025955,69.2509994506836
3138682,0,7,6.71999979019165,1,31.479999423027,70.9599990844727
3139003,11.1111111938953,16,22.3080005645752,0,19.2600011825562,16.6529998779297
3140530,25,5,11.2340002059937,0,29.4200003147125,30.6529998779297
3141405,33.3333343267441,NA,14.9300003051758,0,39.8800015449524,70.3499984741211
3141702,0,12,22.1180000305176,0,55.5000007152557,50.8499984741211
3142007,40.0000005960464,13,0.51800000667572,1,62.4800026416779,67.931999206543
3143104,50,11,39.2960014343262,0,47.0200002193451,16.8910007476807
3144102,16.666667163372,11,11.9280004501343,0,28.1300008296967,13.5570001602173
3144656,20.0000002980232,9,3.87599992752075,0,49.4200021028519,64.6849975585938
3144805,16.666667163372,14,26.1860008239746,0,11.2499997019768,14.6389999389648
3145356,0,8,21.0879993438721,0,32.490000128746,68.5960006713867
3145604,0,16,5.48799991607666,0,31.9799989461899,25.2590007781982
3146750,0,16,7.17000007629395,1,48.3299970626831,73.6159973144531
3147402,0,5,30.6879997253418,0,20.8100005984306,28.9990005493164
3148756,0,9,15.4040002822876,0,25.4700005054474,51.0839996337891
3149606,20.0000002980232,9,13.8079996109009,0,32.8400015830994,33.9860000610352
3150208,0,16,11.0600004196167,0,18.809999525547,55.0690002441406
3150406,0,8,27.2719993591309,0,35.2699995040894,46.25
3150802,25,4,1.48000001907349,0,43.479996919632,67.2809982299805
3151107,0,13,19.9969997406006,0,32.260000705719,26.5149993896484
3151305,0,13,1.15900003910065,0,24.0699991583824,34.8720016479492
3151305,0,13,1.15900003910065,0,24.0699991583824,34.8720016479492
3152006,0,9,63.2840003967285,0,41.4000004529953,34.3380012512207
3152501,0,15,2.46499991416931,0,31.9000005722046,13.6009998321533
3152709,0,13,1.31700003147125,0,34.2799991369247,38.3959999084473
3153004,25,2,4.90799999237061,0,20.5699980258942,23.3959999084473
3153905,25,15,7.02199983596802,0,19.25999969244,22.7779998779297
3154101,12.5,6,7.47800016403198,1,46.7599958181381,37.4980010986328
3155207,0,NA,3.73000001907349,0,29.0300011634827,61.5519981384277
3155900,0,NA,0.658999979496002,0,41.4600014686584,34.4329986572266
3157005,16.666667163372,15,9.57800006866455,0,68.0000007152557,54.443000793457
3157252,0,2,35.2299995422363,0,36.039999127388,41.6949996948242
3157500,0,NA,21.1200008392334,0,27.140000462532,66.3219985961914
3157658,0,7,35.0900001525879,1,38.0199998617172,72.8089981079102
3159209,16.666667163372,11,17.253999710083,1,18.8199996948242,22.5319995880127
3159704,16.666667163372,14,6.2979998588562,1,15.0700002908707,21.3999996185303
3160405,0,10,2.12199997901917,0,39.3799990415573,10.2229995727539
3160454,12.5,8,4.52400016784668,0,38.4200006723404,74.5879974365234
3161700,0,18,54.060001373291,1,13.4900003671646,39.9230003356934
3162252,0,13,2.15000009536743,0,57.1600019931793,66.1880035400391
3162922,14.2857149243355,7,12.2580003738403,1,42.1400010585785,40.0810012817383
3163300,20.0000002980232,14,7.77600002288818,0,29.0100008249283,63.1559982299805
3163508,20.0000002980232,13,4.31400012969971,0,37.5600010156631,55.617000579834
3163706,42.8571432828903,13,20.6429996490479,1,29.109999537468,16.7880001068115
3164902,0,17,19.25,1,17.1800002455711,33.1360015869141
3165206,0,14,21.0310001373291,1,19.149999320507,32.0999984741211
3165404,0,8,26.4500007629395,0,13.0199983716011,29.9669990539551
3165602,60.0000023841858,14,6.69000005722046,0,18.6699986457825,39.8860015869141
3166907,0,12,17.7800006866455,0,18.0899992585182,24.7350006103516
3167202,18.1818187236786,12,19.7290000915527,0,58.5099995136261,23.4190006256104
3168903,0,11,7.96000003814697,0,34.9999994039536,23.7469997406006
3169307,33.3333343267441,13,5.47100019454956,0,22.9499995708466,22.3819999694824
3170503,16.666667163372,13,6.77199983596802,0,39.1500025987625,45.2890014648438
3170578,28.571429848671,11,2.09200000762939,0,30.6999981403351,49.9129981994629
3171204,0,10,3.19400000572205,1,26.309996843338,30.1270008087158
3171600,14.2857149243355,13,51.6199989318848,0,45.9800004959106,62.4029998779297
3172103,0,16,21.8299999237061,0,12.6099988818169,37.5029983520508
3200201,0,14,70.1900024414062,0,55.759996175766,33.4550018310547
3200904,12.5,13,13.6230001449585,0,41.0799980163574,39.8569984436035
3201506,16.666667163372,13,0.689000010490417,0,73.420000076294,23.0750007629395
3201605,14.2857149243355,15,1.28699994087219,0,35.9600007534027,50.3320007324219
3201704,0,NA,18.8299999237061,0,25.0699996948242,33.8089981079102
3202108,40.0000005960464,16,8.06599998474121,0,44.5700019598007,56.3549995422363
3202553,0,17,11.2159996032715,1,32.6599985361099,41.8170013427734
3203130,0,15,13.5799999237061,1,39.1499996185303,23.8479995727539
3203403,50,NA,18.7999992370605,0,53.5299956798553,43.9690017700195
3204005,0,13,6.3899998664856,0,49.5599985122681,52.1529998779297
3204054,28.571429848671,15,31.2320003509521,0,51.3499975204468,47.4059982299805
3204351,16.666667163372,13,7.69299983978271,0,35.2299958467484,32.8569984436035
3204401,0,14,14.6099996566772,0,43.3200001716614,34.6769981384277
3204906,12.5,14,9.21100044250488,1,26.4099985361099,37.265998840332
3205069,16.666667163372,14,17.0300006866455,1,33.1499993801117,23.1089992523193
3300159,0,12,9.90200042724609,0,17.3200011253357,26.7660007476807
3300225,16.666667163372,0,1.79299998283386,0,17.4500003457069,23.9909992218018
3300258,0,1,12.125,0,51.639997959137,16.9029998779297
3300308,80.0000011920929,4,17.3099994659424,0,26.7100006341934,21.4270000457764
3300308,22.2222223877907,1,9.20499992370605,0,19.0499991178513,21.4270000457764
3300456,40.0000005960464,11,23.3279991149902,0,63.9299988746643,29.9209995269775
3300506,0,13,19.5170001983643,0,28.6399990320206,24.7409992218018
3300951,20.0000002980232,10,21.1840000152588,0,21.900001168251,26.8770008087158
3301157,0,17,16.7399997711182,0,22.8499993681908,40.2729988098145
3301207,40.0000005960464,2,20.7520008087158,0,48.4800040721893,28.3419990539551
3301306,25,12,4.43400001525879,1,18.5599997639656,16.0559997558594
3301801,0,7,25.4689998626709,1,48.6900001764297,23.798999786377
3302056,16.666667163372,10,7.18699979782104,1,21.3699996471405,29.8560009002686
3302254,50,14,7.06400012969971,0,7.80000016093254,18.5590000152588
3302601,16.666667163372,15,16.007999420166,0,36.8499994277954,19.5209999084473
3302809,33.3333343267441,NA,8.83699989318848,0,53.3900022506714,18.0419998168945
3302908,0,15,3.80999994277954,1,52.8400003910065,22.9009990692139
3303005,0,13,30.1240005493164,1,28.8199990987778,34.5019989013672
3303401,14.2857149243355,14,20.6949996948242,0,55.9200048446655,12.8780002593994
3303609,8.33333358168602,12,28.8419990539551,1,85.0000023841858,20.1529998779297
3303708,66.6666686534882,15,7.21799993515015,0,45.0800031423569,25.5930004119873
3303856,66.6666686534882,13,33.6339988708496,1,36.719998717308,34.0890007019043
3304003,0,14,35.5019989013672,0,20.3999996185303,26.9409999847412
3304151,0,13,25.7950000762939,1,7.62000009417534,35.492000579834
3304409,0,NA,17.1060009002686,0,20.1700001955032,28.4160003662109
3304524,40.0000005960464,7,50.5890007019043,1,8.42999964952469,18.1900005340576
3304607,37.5,11,47.7840003967285,1,16.1700010299683,31.3040008544922
3305109,25,5,28.2430000305176,1,67.5999999046326,20.8059997558594
3305406,25,19,92.8499984741211,0,24.6499985456467,30.6159992218018
3305802,20.0000002980232,17,16.1770000457764,0,54.7300040721893,16.556999206543
3306008,10.0000001490116,13,7.19000005722046,0,40.0599986314774,24.1650009155273
3306206,0,9,27.3759994506836,0,65.8399999141693,26.3519992828369
3306305,5.55555559694767,14,5.98199987411499,0,44.4799989461899,15.9200000762939
3500105,20.0000002980232,NA,0.368000000715256,1,49.8599976301193,12.4479999542236
3500204,0,7,5.54899978637695,0,22.0499992370605,14.8079996109009
3501152,0,11,64.8450012207031,0,6.15999959409237,15.5749998092651
3501301,0,15,15.7150001525879,0,33.6199998855591,21.181999206543
3502705,0,7,24,0,26.1099994182587,47.726001739502
3502903,28.571429848671,13,15.6389999389648,0,16.6900008916855,13.9079999923706
3503000,0,16,28.2700004577637,0,18.0600002408028,18.9500007629395
3503901,0,13,1.55499994754791,0,22.749999165535,19.0790004730225
3504800,0,14,22.2900009155273,0,13.7999996542931,12.1780004501343
3505104,50,3,1.48199999332428,0,13.2599994540215,25.1450004577637
3506904,25,5,3.26600003242493,1,12.5200003385544,22.6760005950928
3507506,40.0000005960464,13,36.9830017089844,0,20.7499995827675,13.2489995956421
3508702,0,14,8.6899995803833,1,17.1400010585785,28.9540004730225
3509205,0,14,40.2280006408691,0,29.5700013637543,20.1669998168945
3509908,20.0000002980232,15,59.8279991149902,0,21.9500005245209,33.2980003356934
3511409,37.5,18,89.8399963378906,0,22.3099991679192,17.6709995269775
3512605,50,14,25.8579998016357,0,27.1200001239777,40.4869995117188
3513306,0,NA,16.6499996185303,0,15.0000005960464,22.6630001068115
3513900,25,13,17.2999992370605,0,17.4999997019768,19.4370002746582
3514403,14.2857149243355,8,59.423999786377,0,59.2000007629395,14.456000328064
3515186,20.0000002980232,10,1.60599994659424,1,40.2999997138977,8.8769998550415
3515657,14.2857149243355,12,6.90999984741211,0,20.7099989056587,25.75
3515806,33.3333343267441,11,2.76999998092651,1,17.5700008869171,29.8369998931885
3516101,25,NA,8.33800029754639,0,14.9700000882149,28.3990001678467
3516606,0,NA,15.6350002288818,1,31.3199996948242,26.6469993591309
3518859,33.3333343267441,1,33.5009994506836,0,9.43000018596649,23.4689998626709
3519253,0,2,93.9779968261719,0,38.9699995517731,28.378999710083
3521309,0,12,3.66000008583069,1,19.1699996590614,17.2840003967285
3522406,44.4444447755814,14,3.05699992179871,0,56.139999628067,33.6110000610352
3522505,33.3333343267441,15,5.2649998664856,0,24.2899999022484,27.1879997253418
3522604,40.0000005960464,13,15.1129999160767,1,39.860001206398,11.0500001907349
3522901,50,16,7.66400003433228,0,33.500000834465,11.9809999465942
3523206,0,16,6.0939998626709,1,48.0599999427795,39.5009994506836
3523305,20.0000002980232,NA,35.5460014343262,0,31.6700011491776,33.0999984741211
3523602,0,14,3.06399989128113,0,17.909999191761,16.628999710083
3524105,20.0000002980232,15,3.53500008583069,0,54.5000016689301,15.8990001678467
3525102,25,2,2.28200006484985,0,17.1700000762939,12.1619997024536
3528809,0,9,9.90499973297119,0,4.9600001424551,16.9389991760254
3529203,20.0000002980232,17,10.4499998092651,1,32.0199996232986,26.1650009155273
3529302,0,11,25.0580005645752,0,15.5200004577637,14.5880002975464
3529401,0,13,9.19600009918213,1,37.5,18.3600006103516
3529500,50,14,7.55000019073486,0,16.3199990987778,19.6580009460449
3530300,16.666667163372,8,3.21000003814697,0,21.9300001859665,9.59899997711182
3531100,60.0000023841858,13,44.5369987487793,0,32.8199982643127,25.193000793457
3531902,16.666667163372,13,52.1780014038086,0,15.5300006270409,16.6340007781982
3532702,0,15,6.55399990081787,0,19.8499992489815,19.0130004882812
3532843,25,6,18.5900001525879,1,21.4000001549721,28.5319995880127
3533403,20.0000002980232,14,14.2469997406006,0,18.0299997329712,8.81400012969971
3533601,25,14,0.722000002861023,0,12.550000846386,14.2200002670288
3534005,50,4,100,0,17.3500001430511,17.1709995269775
3534906,25,14,2.09800004959106,0,36.2300008535385,27.5249996185303
3535101,0,13,26.7399997711182,0,15.0699988007545,18.2409992218018
3536257,50,6,22.3540000915527,1,22.7699995040894,18.4780006408691
3536505,33.3333343267441,NA,43.5019989013672,1,5.72999976575375,8.33800029754639
3536703,0,NA,100,1,13.510000705719,15.6859998703003
3539004,25,5,9.32600021362305,1,13.3599996566772,12.0500001907349
3539103,66.6666686534882,11,24.3279991149902,1,38.9499992132187,25.2329998016357
3539202,50,17,0.41100001335144,1,23.8999992609024,18.9570007324219
3539400,0,10,19.7929992675781,0,9.93999987840652,13.75
3539608,25,8,15.6499996185303,0,18.6500012874603,26.1019992828369
3539905,66.6666686534882,NA,1.78600001335144,1,7.78999924659729,16.7180004119873
3540200,20.0000002980232,NA,30.2240009307861,0,52.9900014400482,15.6599998474121
3541307,16.666667163372,NA,38.2900009155273,1,26.3200014829636,21.2070007324219
3541604,0,7,10.2320003509521,0,19.9100002646446,18.8059997558594
3541653,0,5,15.9469995498657,1,18.8599988818169,22.2290000915527
3541802,0,NA,21.576000213623,0,20.1900005340576,31.4270000457764
3542800,25,NA,11.7959995269775,1,22.2799986600876,57.9140014648438
3543006,0,13,54.9500007629395,1,65.8800005912781,59.3320007324219
3543253,33.3333343267441,10,21.4540004730225,0,41.9100016355515,49.8199996948242
3544103,14.2857149243355,11,15.1499996185303,0,32.1999996900558,23.9829998016357
3544301,0,8,23.8339996337891,0,17.790000140667,22.7730007171631
3544707,0,13,46.4080009460449,1,10.4299992322922,32.2770004272461
3544806,0,4,8.74600028991699,0,13.7000009417534,20.5650005340576
3545100,20.0000002980232,NA,7.74100017547607,0,14.8699998855591,22.4559993743896
3545209,20.0000002980232,15,27.3330001831055,0,25.789999961853,11.5030002593994
3545803,14.2857149243355,13,0.83899998664856,0,29.0800005197525,8.70300006866455
3546504,0,13,19.9179992675781,1,17.349998652935,18.8150005340576
3547205,33.3333343267441,2,1.65400004386902,0,19.8100000619888,20.7889995574951
3547908,25,18,4.94000005722046,0,32.9600006341934,18.431999206543
3548807,33.3333343267441,11,63.1209983825684,1,21.0400000214577,2.89199995994568
3549805,25,14,0.266000002622604,1,41.3899958133698,8.06799983978271
3551504,0,15,3.75500011444092,1,30.9599995613098,15.9259996414185
3551900,0,13,7.2480001449585,0,23.9199995994568,24.6790008544922
3552106,40.0000005960464,1,15.2799997329712,0,31.470000743866,14.7469997406006
3553708,14.2857149243355,7,12.4399995803833,0,40.5600011348724,19.7029991149902
3553906,16.666667163372,7,3.82599997520447,1,28.8499981164932,31.1840000152588
3554607,75,14,41.3740005493164,0,16.4099991321564,26.5930004119873
3555307,33.3333343267441,4,13.4770002365112,0,26.0399997234344,20.1959991455078
3555604,25,4,0.0850000008940697,0,17.620000243187,18.3819999694824
4100400,0,13,13.7679996490479,1,37.7099990844727,25.2849998474121
4100905,33.3333343267441,NA,0.138999998569489,1,36.1999988555908,38.6539993286133
4101507,33.3333343267441,1,6.93499994277954,0,38.689997792244,11.6350002288818
4101903,0,13,21.1259994506836,0,34.4300001859665,34.5890007019043
4102406,0,14,2.27600002288818,0,25.2400010824203,25.6149997711182
4102604,0,13,51.6279983520508,1,40.7700002193451,32.984001159668
4102752,0,NA,4.94999980926514,0,27.1699994802475,47.3370018005371
4103040,0,7,14.6840000152588,1,38.4799987077713,54.4370002746582
4103305,0,15,2.10599994659424,0,42.7300006151199,37.1139984130859
4104501,0,1,34.4770011901855,0,28.7099987268448,21.3889999389648
4104659,0,7,23.0699996948242,1,8.38000029325485,22.238000869751
4104907,0,13,46.7719993591309,0,34.1399997472763,37.6590003967285
4106001,14.2857149243355,12,0.324000000953674,0,47.0300018787384,46.2589988708496
4106100,20.0000002980232,13,6.69000005722046,0,24.5200008153915,39.742000579834
4106308,0,13,7.66499996185303,1,19.5299983024597,25.8850002288818
4107652,0,14,3.84999990463257,1,38.3600026369095,21.5799999237061
4108205,66.6666686534882,6,6.64900016784668,0,35.7600003480911,31.8190002441406
4108304,20.0000002980232,13,4.78800010681152,0,42.5699979066849,21.1469993591309
4108551,0,12,12.4899997711182,1,61.3300025463104,49.7620010375977
4109302,14.2857149243355,NA,14.0299997329712,0,37.3100012540817,42.3050003051758
4110607,16.666667163372,16,15.1079998016357,0,36.5500003099442,36.6110000610352
4111407,0,16,3.92000007629395,1,38.060000538826,48.3600006103516
4111555,12.5,13,11.4300003051758,0,23.9399999380112,32.9570007324219
4111605,0,1,34.5320014953613,0,18.7800005078316,22.0559997558594
4111902,0,13,6.78800010681152,0,24.4100004434586,21.1420001983643
4112603,0,8,100,1,20.5400004982948,40.7669982910156
4112959,42.8571432828903,14,0.639999985694885,1,25.0700026750565,39.6629981994629
4113304,0,NA,1.62399995326996,0,33.5399985313416,38.0610008239746
4113403,0,15,3.1010000705719,0,22.9100003838539,29.2490005493164
4113429,0,NA,6.59999990463257,0,21.9299986958504,42.3089981079102
4113700,25,15,4.875,1,63.2799983024597,12.8020000457764
4113759,20.0000002980232,9,29.8439998626709,0,34.4300001859665,40.6580009460449
4114609,0,17,0.100000001490116,1,16.2100002169609,14.6599998474121
4114807,28.571429848671,13,1.59800004959106,0,28.4299999475479,21.0520000457764
4115200,20.0000002980232,13,3.75699996948242,0,65.0299966335297,8.34700012207031
4115507,40.0000005960464,13,60.1839981079102,0,36.0299974679947,35.8440017700195
4116109,25,11,46.2319984436035,1,18.1999996304512,38.3219985961914
4116703,0,NA,16.0100002288818,0,20.2299997210503,25.9419994354248
4117214,0,15,17.0259990692139,1,17.9899990558624,44.5050010681152
4117222,16.666667163372,18,2.83999991416931,1,34.2100024223328,18.6630001068115
4117271,0,14,0.759999990463257,0,37.2599959373474,59.367000579834
4117297,25,13,34.7080001831055,0,20.6399992108345,43.2929992675781
4117305,0,NA,16.201000213623,0,26.4499992132187,60.9560012817383
4117909,0,NA,2.23600006103516,0,24.3499994277954,16.4659996032715
4118501,0,NA,9.58699989318848,0,70.0100004673004,16.32200050354
4119152,33.3333343267441,NA,11.7069997787476,1,18.3100000023842,14.5629997253418
4119202,0,17,96.3600006103516,0,29.7699987888336,33.9630012512207
4119657,0,12,65.1640014648438,1,23.3799979090691,25.5279998779297
4120309,0,18,3.07999992370605,1,18.8400000333786,32.2840003967285
4120333,0,NA,16.9400005340576,0,19.590000808239,26.5510005950928
4120507,0,16,11.0579996109009,1,39.9800002574921,32.9480018615723
4120804,25,10,21.988000869751,1,23.9500001072884,22.003999710083
4121307,0,18,26.7199993133545,1,6.01000040769577,26.6189994812012
4122008,0,13,10.9119997024536,1,41.3199990987778,41.398998260498
4123204,0,2,12.1719999313354,0,17.0200005173683,46.0340003967285
4123808,0,NA,2.5220000743866,0,47.9500025510788,35.9480018615723
4124020,0,8,14.9519996643066,1,19.990000128746,29.4519996643066
4124103,0,12,12.2329998016357,1,24.1899996995926,23.1989994049072
4124509,40.0000005960464,17,26.7199993133545,1,17.1099990606308,25.6879997253418
4126009,0,13,37.8919982910156,1,50.5699992179871,35.0019989013672
4126272,20.0000002980232,15,9.12800025939941,0,15.7600000500679,38.7620010375977
4128500,0,19,0.0299999993294477,0,35.9900027513504,38.6969985961914
4128559,0,7,2.07800006866455,1,25.2400010824203,41.3629989624023
4200309,0,12,9.62199974060059,0,24.940000474453,12.2519998550415
4201257,0,14,18.9580001831055,0,16.1499992012978,17.6529998779297
4201653,0,14,31.4179992675781,0,17.9900005459785,40.125
4202156,33.3333343267441,4,7.83900022506714,0,18.8400000333786,36.0610008239746
4202438,0,9,1.00600004196167,1,20.270000398159,41.4500007629395
4202453,0,12,6.69000005722046,0,23.199999332428,13.8020000457764
4202602,0,9,1.97899997234344,1,28.8999974727631,29.5739994049072
4202800,50,3,9.23499965667725,1,36.3699972629547,12.5520000457764
4203006,37.5,13,8.6230001449585,1,26.9699990749359,20.6439990997314
4203956,0,13,6.10099983215332,0,28.2000005245209,16.9680004119873
4204103,0,9,18.0459995269775,1,21.2899997830391,35.2229995727539
4204301,0,16,42.6990013122559,1,52.7900040149689,11.5080003738403
4204509,0,NA,10.83899974823,0,26.6200006008148,12.7370004653931
4204806,0,14,0.740000009536743,0,35.5099976062775,26.9249992370605
4204905,33.3333343267441,18,0.140000000596046,0,36.7599993944168,22.9669990539551
4205159,20.0000002980232,19,13.3699998855591,0,26.5400022268295,7.74499988555908
4206207,0,14,2.27800011634827,0,42.2299981117249,17.0769996643066
4207007,12.5,17,0.488000005483627,0,37.7800017595291,15.6359996795654
4207106,25,8,4.63899993896484,0,26.4999985694885,12.0430002212524
4207205,12.5,1,11.9399995803833,0,50,35.7919998168945
4208104,0,14,2.84999990463257,0,33.67999792099,35.9939994812012
4208500,28.571429848671,16,25.3500003814697,0,32.4600011110306,15.2080001831055
4208708,0,9,7.72200012207031,0,33.720001578331,30.5510005950928
4209409,0,13,0.65499997138977,0,59.6400022506714,25.8330001831055
4210100,20.0000002980232,19,24.0410003662109,1,25.7200002670288,20.8649997711182
4210407,0,8,6.91900014877319,0,18.3400005102158,17.4750003814697
4210803,0,10,16.8799991607666,1,20.5799996852875,17.6030006408691
4211256,25,8,0.270000010728836,0,16.6700005531311,23.5970001220703
4211454,0,8,4.58400011062622,0,17.5100013613701,33.7700004577637
4212106,16.666667163372,3,6.61899995803833,0,36.6299986839294,18.6539993286133
4212205,25,11,11.1540002822876,0,30.0499975681305,39.3250007629395
4212270,25,13,13.96399974823,0,36.6200000047684,47.2610015869141
4212809,20.0000002980232,13,13.793999671936,1,31.4999997615814,19.3759994506836
4213104,20.0000002980232,11,12.7040004730225,0,17.8800001740456,19.7730007171631
4213104,0,14,25.7600002288818,1,12.8799989819527,19.7730007171631
4213351,0,12,9.4370002746582,0,26.8500000238419,38.5849990844727
4213609,33.3333343267441,1,40.7980003356934,0,22.1699997782707,21.0930004119873
4214003,20.0000002980232,11,6.88899993896484,1,26.1900007724762,7.34499979019165
4214904,66.6666686534882,16,9.02000045776367,0,30.7200014591217,12.1949996948242
4215604,16.666667163372,7,4.58400011062622,0,18.1400015950203,20.503999710083
4215901,16.666667163372,5,100,0,23.1700018048286,21.5650005340576
4217006,0,13,16.9400005340576,0,24.2900013923645,10.4340000152588
4217253,0,8,22.2740001678467,0,28.5199999809265,18.2980003356934
4217550,0,1,11.1759996414185,0,16.7900010943413,19.6060009002686
4217907,0,14,4.64400005340576,0,30.4800003767014,18.8020000457764
4218509,20.0000002980232,16,9.27000045776367,1,19.3300008773804,21.2290000915527
4219606,0,15,6.18800020217896,0,23.9999994635582,23.6110000610352
4219705,0,7,11.5220003128052,1,31.1699986457825,18.9409999847412
4300646,40.0000005960464,7,12.5640001296997,1,43.7000006437302,37.0530014038086
4301057,0,12,16.42799949646,0,26.4700025320053,16.5839996337891
4302006,50,11,9.50800037384033,1,19.25999969244,40.4469985961914
4302055,0,9,9.07999992370605,1,42.6300019025803,63.9780006408691
4302204,0,8,7.81400012969971,0,18.2899981737137,17.1909999847412
4302451,0,7,7.66800022125244,0,20.3000009059906,28.5240001678467
4302600,25,13,0.200000002980232,1,33.2999974489212,53.6080017089844
4303400,11.1111111938953,10,10.6400003433228,0,28.260001540184,31.3299999237061
4304200,62.5,NA,0.492000013589859,0,31.9500029087067,34.5779991149902
4304408,0,6,0.256000012159348,1,53.0000030994415,14.9980001449585
4305173,0,10,19.2569999694824,0,21.6600000858307,39.064998626709
4305355,45.4545468091965,17,5.28800010681152,0,29.6000003814697,17.0020008087158
4305447,0,NA,23.076000213623,0,7.73999989032745,22.6019992828369
4306932,0,18,6.96999979019165,0,24.2299988865852,36.7490005493164
4307054,25,NA,9.87399959564209,0,22.8100001811981,18.7970008850098
4307302,0,5,13.7600002288818,0,23.2199996709824,50.7449989318848
4307831,25,16,0.561999976634979,0,21.0199996829033,36.8870010375977
4308300,0,7,11.7320003509521,0,35.5599969625473,40.8400001525879
4309126,50,9,35.2760009765625,1,29.1799992322922,43.1870002746582
4309407,14.2857149243355,11,1.66499996185303,1,18.1699991226196,6.81899976730347
4309571,33.3333343267441,NA,9.90200042724609,0,20.660001039505,37.1069984436035
4310108,0,18,1.41999995708466,0,19.4099992513657,10.6730003356934
4310207,57.1428596973419,13,41.435001373291,0,27.0600020885468,21.2310009002686
4310702,0,15,3.19799995422363,1,31.3499987125397,39.7229995727539
4310876,33.3333343267441,4,1.97800004482269,0,11.0800005495548,NA
4311205,14.2857149243355,13,9.28999996185303,0,35.0199997425079,32.6580009460449
4311759,0,NA,3.7279999256134,0,28.9400011301041,44.8330001831055
4312385,33.3333343267441,8,12.5900001525879,0,21.8900009989738,4.3899998664856
4312427,0,12,9.61999988555908,0,22.0800012350082,31.9710006713867
4312617,33.3333343267441,6,32.976001739502,1,9.35000032186508,34.6430015563965
4312658,0,18,13.960000038147,0,24.099999666214,16.5270004272461
4312674,0,9,11.3940000534058,0,16.7499989271164,20.1119995117188
4312708,16.666667163372,13,1.19900000095367,0,48.429998755455,42.1629981994629
4313086,0,7,17.1660003662109,0,7.6200008392334,4.02299976348877
4313102,0,17,5.98999977111816,0,35.0900024175644,20.1730003356934
4313375,33.3333343267441,12,4.47399997711182,0,16.8999999761581,17.8470001220703
4313409,18.1818187236786,10,9.92300033569336,0,28.5299986600876,11.9980001449585
4313425,0,12,9.6540002822876,1,36.5299999713898,31.7399997711182
4313508,0,15,8.60200023651123,0,29.4500023126602,19.181999206543
4313607,20.0000002980232,7,7.39400005340576,1,34.2599987983704,23.6089992523193
4314027,33.3333343267441,12,24.492000579834,1,30.0300002098083,25.1909999847412
4314159,0,6,15.5299997329712,1,34.799998998642,16.9099998474121
4315107,20.0000002980232,1,11.5749998092651,0,43.9300000667572,40.3269996643066
4315453,66.6666686534882,9,100,1,10.4599997401237,14.9549999237061
4315800,20.0000002980232,NA,14.2720003128052,0,22.2000017762184,10.33899974823
4315909,14.2857149243355,11,4.27600002288818,0,43.2799965143204,26.4659996032715
4316436,33.3333343267441,11,18.4820003509521,1,23.7600013613701,16.6909999847412
4316501,33.3333343267441,9,31.923999786377,1,18.970000743866,8.72999954223633
4316709,0,13,1.53999996185303,1,14.7100001573563,24.5030002593994
4317558,0,3,8.94799995422363,1,28.5399973392487,19.8239994049072
4317608,0,15,8.77200031280518,1,32.930001616478,21.9209995269775
4317806,0,14,1.03900003433228,0,22.6700007915497,37.7249984741211
4318051,0,5,6.88899993896484,0,17.7100017666817,13.1359996795654
4318101,0,16,0.72000002861023,0,34.0900003910065,43.6809997558594
4318408,16.666667163372,16,1.59500002861023,0,20.2900007367134,27.7210006713867
4318424,25,9,4.41800022125244,1,32.779997587204,30.4720001220703
4318465,0,10,13.7239999771118,0,31.5400004386902,45.4339981079102
4318903,0,11,5.44899988174438,0,51.7999947071075,28.3610000610352
4319208,40.0000005960464,8,4.0460000038147,0,36.7599993944168,57.5499992370605
4319406,16.666667163372,11,4.65299987792969,1,32.3699980974197,31.5209999084473
4320354,0,14,5.96600008010864,1,11.0999993979931,37.4379997253418
4320602,40.0000005960464,8,38.3380012512207,1,27.1600008010864,19.0400009155273
4320701,12.5,9,15.7880001068115,0,39.7900015115738,30.128999710083
4321105,0,11,10.1400003433228,1,38.689997792244,27.5939998626709
4321303,33.3333343267441,10,9.35499954223633,1,18.6800003051758,16.4200000762939
4321634,14.2857149243355,12,5.87200021743774,0,20.6000000238419,16.4349994659424
4321667,50,14,4.91800022125244,0,21.450001001358,17.8729991912842
4322186,25,8,100,0,12.449999153614,39.0200004577637
4322608,12.5,13,11.9180002212524,0,47.0699965953827,15.8439998626709
4322855,0,10,15.5799999237061,0,20.7800000905991,11.4969997406006
4323507,0,16,2.6159999370575,0,16.3699984550476,35.5699996948242
4323754,40.0000005960464,11,11.9099998474121,0,29.0899991989136,46.4539985656738
4323804,60.0000023841858,11,1.6710000038147,0,21.8700006604195,16.6650009155273
5000807,0,13,63.310001373291,1,20.7599997520447,33.2270011901855
5002001,0,11,7.57600021362305,0,47.4000006914139,37.5929985046387
5002209,40.0000005960464,4,3.98300004005432,0,18.8500002026558,32.6310005187988
5003751,25,17,28.2639999389648,1,21.4100003242493,40.0690002441406
5003801,40.0000005960464,13,20.7180004119873,1,43.5000002384186,35.2760009765625
5004502,16.666667163372,17,3.73600006103516,0,27.6199996471405,39.4039993286133
5004809,0,8,11.293999671936,0,49.930003285408,64.3560028076172
5005152,25,10,8.14299964904785,0,51.3100028038025,48.8170013427734
5005806,33.3333343267441,13,14.1719999313354,1,30.529996752739,50.0050010681152
5006200,37.5,12,6.05999994277954,0,38.1999999284744,22.7889995574951
5006259,0,13,5.49599981307983,0,45.1600015163422,48.8680000305176
5006309,50,15,8.80399990081787,0,57.5299978256226,26.8799991607666
5006358,0,10,31.1790008544922,0,46.0599988698959,59.5330009460449
5007208,20.0000002980232,13,1.01999998092651,0,65.1700019836426,31.7740001678467
5007695,12.5,3,1.27600002288818,0,35.2099984884262,20.4990005493164
5007703,0,8,41.0779991149902,0,32.8500002622604,36.7960014343262
5008008,75,14,3.95499992370605,0,27.2699981927872,36.3660011291504
5008305,30.0000011920929,17,35.931999206543,0,45.6500023603439,21.0109996795654
5100250,55.5555582046509,5,33.9900016784668,0,68.3700025081635,24.9500007629395
5100359,66.6666686534882,14,1.22899997234344,0,32.3900014162064,40.4020004272461
5101001,0,0,8.01700019836426,1,30.7900011539459,34.2330017089844
5101258,33.3333343267441,14,8.44999980926514,0,21.5000003576279,26.4810009002686
5101852,50,NA,18.4680004119873,0,19.0099999308586,NA
5102694,50,NA,22.4360008239746,0,45.5399990081787,54.7589988708496
5103056,22.2222223877907,NA,47.9259986877441,1,33.7699979543686,13.8229999542236
5104500,0,11,100,0,15.9199997782707,35.7350006103516
5104807,50,16,2.95199990272522,0,51.120001077652,23.681999206543
5105176,25,0,10.1440000534058,0,58.0299973487854,21.132999420166
5105234,0,11,0.23199999332428,0,39.8899972438812,43.2299995422363
5105580,28.571429848671,20,5.98000001907349,1,43.7099993228912,13.7170000076294
5105606,20.0000002980232,15,6.48000001907349,0,41.2700027227402,31.761999130249
5105606,33.3333343267441,13,39.5260009765625,1,35.809999704361,31.761999130249
5106158,12.5,13,5.27899980545044,0,47.8299975395203,50.2509994506836
5106174,0,NA,0.651000022888184,0,14.070001244545,NA
5106208,20.0000002980232,14,11.2650003433228,0,39.6299988031387,46.7229995727539
5106216,33.3333343267441,16,2.11199998855591,0,39.9800002574921,38.3769989013672
5106224,14.2857149243355,10,31.3899993896484,0,21.6600015759468,13.5369997024536
5106307,0,NA,8.4060001373291,0,52.6600003242493,33.2459983825684
5106752,30.0000011920929,12,15.2119998931885,0,26.7299979925156,33.4869995117188
5106851,0,15,5.47300004959106,0,37.7099990844727,56.5390014648438
5107180,28.571429848671,3,35.5460014343262,0,31.7200005054474,43.2949981689453
5107297,20.0000002980232,11,23.5160007476807,0,30.2799999713898,41.0200004577637
5107305,11.1111111938953,13,30.0559997558594,0,29.4999986886978,23.5869998931885
5107743,40.0000005960464,1,2.2260000705719,1,28.1200021505356,NA
5107859,12.5,NA,9.53499984741211,1,67.6500022411346,40.4780006408691
5107958,30.0000011920929,19,47.2000007629395,1,34.2199981212616,21.7709999084473
5108600,16.666667163372,0,3.06200003623962,0,53.8600027561188,41.9049987792969
5108808,12.5,10,38.4739990234375,0,45.6000000238419,43.7529983520508
5108857,20.0000002980232,NA,100,1,26.129999756813,36.8610000610352
5200100,33.3333343267441,12,31.0499992370605,0,39.4699990749359,41.7849998474121
5200803,33.3333343267441,12,100,0,62.7300024032593,49.9020004272461
5201454,0,4,5.85599994659424,0,14.6699994802475,24.9939994812012
5203962,0,NA,22.673999786377,1,17.909999191761,71.7939987182617
5204409,0,14,37.5719985961914,0,31.5699994564056,35.6710014343262
5204706,20.0000002980232,11,50.1080017089844,0,32.4400007724762,42.4199981689453
5204854,0,15,3.18400001525879,1,30.1800012588501,NA
5204904,71.4285731315613,15,13.5310001373291,1,47.4299997091293,52.6360015869141
5205513,25,4,4.75500011444092,0,41.9699966907501,45.6699981689453
5205521,16.666667163372,NA,12.3900003433228,1,43.1100010871887,56.3880004882812
5206305,0,5,19.2390003204346,0,28.3800005912781,22.943000793457
5206503,28.571429848671,6,17.6240005493164,0,30.4199993610382,27.4309997558594
5208004,28.571429848671,15,48.2999992370605,1,70.6099987030029,38.9869995117188
5209150,0,3,34.2379989624023,0,19.0600007772446,34.4739990234375
5209200,20.0000002980232,11,44.6030006408691,1,43.2199984788895,33.3639984130859
5209705,57.1428596973419,12,36.8269996643066,0,35.0000023841858,27.4699993133545
5209903,0,9,10.4580001831055,0,50.5699992179871,62.0480003356934
5209937,14.2857149243355,5,100,0,30.7500034570694,35.2960014343262
5210604,20.0000002980232,16,9.8120002746582,0,156.770002841949,35.1049995422363
5211800,20.0000002980232,11,7.28999996185303,0,43.2600021362305,30.681999206543
5211909,0,12,15.7799997329712,0,41.159999370575,20.253999710083
5212006,0,5,12.8240003585815,0,41.9699996709824,38.9339981079102
5212907,0,7,7.21799993515015,1,22.7300003170967,27.4099998474121
5212956,0,NA,22.8700008392334,0,19.820000231266,39.7490005493164
5213087,0,7,4.92000007629395,0,20.6699997186661,32.601001739502
5213756,20.0000002980232,13,2.18099999427795,0,14.3399998545647,21.2280006408691
5213806,16.666667163372,6,14.5139999389648,0,52.4999976158142,23.2099990844727
5214002,0,11,18.6809997558594,0,59.2899978160858,25.3780002593994
5214408,40.0000005960464,10,2.73699998855591,0,41.2699997425079,34.2700004577637
5214879,0,4,13.4119997024536,0,29.2499989271164,48.1720008850098
5215405,20.0000002980232,16,13.8000001907349,1,32.4799984693527,38.859001159668
5215702,0,7,33.6500015258789,1,28.3099979162216,34.4500007629395
5216007,40.0000005960464,9,6.35799980163574,0,19.6799993515015,33.9529991149902
5216403,0,12,3.08200001716614,1,29.1900008916855,32.6360015869141
5218300,16.666667163372,3,19.2639999389648,0,75.8900046348572,48.5200004577637
5218391,0,4,0.0780000016093254,0,34.0899974107742,32.3400001525879
5218706,0,7,1.32799994945526,1,53.710001707077,40.2089996337891
5218789,20.0000002980232,4,1.72200000286102,0,10.9700001776218,16.1459999084473
5219308,0,11,6.97100019454956,0,47.1399962902069,24.5109996795654
5219753,37.5,3,21.0820007324219,0,58.7599992752075,39.25
5220157,0,5,4.25600004196167,1,30.7400017976761,42.0629997253418
5220454,18.1818187236786,14,62.1199989318848,1,41.5199965238571,31.9680004119873
5220686,44.4444447755814,NA,7.45599985122681,0,63.7999951839447,65.4280014038086
5221080,40.0000005960464,10,14.03600025177,0,32.3099970817566,61.8289985656738
5221809,0,NA,46.5,1,20.4799994826317,25.5540008544922
5222054,75,NA,13.0679998397827,0,30.8800011873245,26.9519996643066
