assettreat,asset_comp,isrstock,palstock,tradestock6all,age,faminc,religion,female,BA_or_higher,left_2013,left_2015,p_index_2013,p_index_2015
1,1,0,1,0,51,8000,jewish,1,1,1,1,3.402458429,8.486988544
1,1,0,0,1,29,16000,jewish,1,1,0,1,8.148495555,3.966073096
1,1,0,1,0,38,16000,jewish,0,1,0,1,15.35216928,18.03174257
1,1,0,0,0,24,8000,jewish,0,0,0,1,-4.020610452,-1.078563482
1,1,0,1,0,45,8000,jewish,0,1,1,1,10.38673759,10.8252573
1,1,0,1,1,28,8000,jewish,0,0,0,0,-3.938569427,-5.425547957
1,1,1,0,1,54,24000,jewish,0,1,0,1,5.746171474,18.03174257
1,1,0,1,1,57,12000,jewish,0,0,0,1,15.05073428,18.03174257
1,1,0,1,0,43,24000,jewish,1,1,1,1,15.05073428,8.651765585
1,1,1,0,1,64,8000,jewish,1,0,0,0,-8.661177158,-3.416832983
1,1,0,0,0,43,3000,jewish,1,1,0,0,10.492208,-7.934696674
1,1,0,1,1,42,16000,jewish,0,1,0,0,-5.957416892,-5.246075392
0,0,0,0,1,63,12000,jewish,0,1,0,1,5.468165278,8.486988544
1,1,1,0,0,40,12000,jewish,1,1,0,0,-1.735508889,-5.761204958
1,0,0,1,0,61,12000,jewish,1,1,0,0,-3.938569427,-10.10818958
1,1,0,0,0,37,16000,jewish,1,0,0,1,0.537914932,8.651765585
1,0,0,1,1,37,3000,jewish,1,1,0,0,-6.039457917,-5.761204958
1,1,1,0,1,37,3000,jewish,1,0,0,1,10.66474319,6.31598711
0,0,0,0,0,28,8000,no religion,0,0,0,1,-1.782368422,3.439300358
1,1,1,0,0,35,12000,jewish,1,1,1,1,0.862780437,1.445280463
0,0,0,0,0,43,8000,jewish,0,0,0,1,-1.735508889,-3.245953619
1,1,1,0,1,34,24000,jewish,1,1,1,1,-1.758938581,1.445280463
1,1,0,0,0,28,3000,jewish,1,0,0,1,1.222827584,1.78952992
1,1,1,0,1,30,0,jewish,0,0,0,0,-1.179496795,3.96912396
0,0,0,0,1,40,12000,jewish,1,0,0,0,-1.375461668,-3.084227145
0,0,0,0,1,73,3000,jewish,1,0,0,0,7.463582754,-3.419884145
1,1,1,0,1,35,12000,jewish,1,0,0,0,-1.375461668,1.613108665
1,1,0,1,0,69,8000,jewish,0,1,0,0,-8.661177158,-3.419884145
1,1,0,1,1,45,16000,no religion,0,1,0,0,-1.179496795,3.966073096
0,0,0,0,1,24,16000,jewish,1,0,0,1,3.461069465,6.307393909
0,0,0,0,1,29,12000,jewish,1,0,0,0,-10.89941859,-10.10818958
1,1,1,0,0,35,12000,jewish,0,1,1,1,17.67245293,18.03174257
0,0,0,0,1,60,16000,jewish,0,0,0,0,17.67245293,10.8252573
0,0,0,0,1,45,12000,jewish,0,0,0,0,-10.89941859,-10.10818958
1,1,0,0,1,63,24000,jewish,1,1,0,0,5.397875905,-10.10818958
1,1,1,0,1,31,3000,jewish,0,0,0,0,-6.235423088,-0.725160912
0,0,0,0,0,30,3000,jewish,0,0,0,0,-6.422934532,-5.761204958
1,1,0,1,0,44,16000,jewish,0,1,0,0,5.8282125,NA
1,1,0,1,1,42,24000,jewish,1,1,0,0,17.67245293,8.651765585
1,1,1,0,1,56,16000,jewish,0,1,0,1,-1.782368422,-1.078563482
1,1,0,1,1,69,12000,jewish,0,1,1,1,8.148495555,18.03174257
0,0,0,0,0,34,12000,jewish,0,0,0,0,3.124452233,5.966195464
0,0,0,0,0,55,12000,jewish,0,0,0,0,5.526776314,6.310444474
1,0,0,1,0,47,12000,jewish,0,1,0,0,17.67245293,-10.10818958
1,0,0,1,0,23,0,jewish,1,0,0,0,-6.258852482,-10.10818958
1,1,0,1,0,50,12000,jewish,0,0,1,1,0.886210129,-3.416832983
1,1,1,0,1,61,12000,jewish,0,0,0,1,8.148495555,8.651765585
1,0,0,1,0,33,3000,jewish,0,1,0,0,-10.89941859,-10.10818958
0,0,0,0,1,35,8000,jewish,0,1,0,0,3.484499454,-0.896040201
0,0,0,0,1,38,24000,jewish,0,1,0,0,5.444735289,-10.10818958
0,0,0,0,0,42,12000,jewish,0,0,0,0,-1.375461668,-10.10818958
1,1,1,0,0,49,8000,jewish,1,0,0,0,10.38673759,10.9930861
1,1,0,1,1,37,3000,jewish,0,1,0,0,-10.89941859,-10.10818958
1,1,1,0,0,52,12000,jewish,1,0,0,0,-1.700327098,-10.10818958
0,0,0,0,0,33,12000,jewish,1,1,1,1,-1.735508889,-0.904633105
1,1,1,0,0,39,12000,jewish,1,1,0,1,5.526776314,6.130972505
1,1,1,0,0,39,12000,jewish,1,1,0,0,-1.246561185,-5.422496796
0,0,0,0,0,40,16000,jewish,1,1,1,1,5.444735289,10.8252573
1,1,0,1,1,25,24000,jewish,0,0,0,0,-1.700327098,3.610179722
1,1,1,0,0,63,16000,jewish,0,1,0,0,5.444735289,8.307515979
1,1,0,1,1,44,8000,jewish,0,0,0,0,3.507929146,-0.72821185
1,1,0,0,0,36,12000,jewish,0,0,0,0,8.230537176,3.957480192
1,1,0,1,0,24,8000,jewish,1,0,0,0,-6.340893507,-1.075512394
1,0,1,0,0,47,8000,jewish,0,1,0,0,-3.719174564,-3.069532514
1,1,1,0,1,62,8000,jewish,0,1,0,0,0.780739337,5.963144302
1,1,0,1,1,65,12000,jewish,0,0,0,0,5.526776314,8.651765585
1,1,0,1,1,30,12000,jewish,1,1,0,1,5.80478251,-0.72821185
0,0,0,0,0,44,0,jewish,1,1,0,0,-8.661177158,-10.10818958
0,0,0,0,0,54,12000,jewish,1,1,0,0,-10.89941859,-10.10818958
1,1,1,0,0,36,8000,jewish,0,1,0,0,0.862780437,-0.896040201
1,1,0,1,0,40,8000,jewish,0,1,0,0,-10.89941859,-10.10818958
0,0,0,0,0,32,3000,jewish,1,1,0,NA,-10.89941859,NA
1,1,0,1,0,40,16000,jewish,0,1,0,1,17.67245293,15.69042206
1,1,0,1,0,65,8000,jewish,0,0,0,0,7.463582754,8.124992847
1,1,0,1,0,72,12000,jewish,0,1,0,1,-1.735508889,1.101030856
1,1,1,0,0,43,8000,jewish,1,1,0,0,12.70702124,3.607128859
1,1,0,1,0,23,0,jewish,1,0,0,0,-6.039457917,-7.587395906
1,1,0,1,0,36,3000,jewish,0,0,0,0,8.230537176,-3.081176281
1,1,0,0,1,36,16000,jewish,1,0,0,1,0.58477439,3.786600828
0,0,0,0,1,50,24000,jewish,0,0,0,0,-10.89941859,-10.10818958
1,1,1,0,0,35,16000,jewish,1,0,0,0,-10.89941859,-10.10818958
1,1,1,0,1,34,8000,jewish,0,1,0,0,-8.661177158,-5.761204958
1,1,0,1,0,33,12000,jewish,0,0,0,0,-8.661177158,-5.761204958
0,0,0,0,0,35,16000,jewish,1,1,1,1,5.8282125,6.310444474
1,1,1,0,1,54,8000,jewish,0,0,0,0,2.846446037,-1.072461456
1,1,0,1,0,73,3000,jewish,0,0,1,0,0.455873758,3.613230884
0,0,0,0,0,69,3000,jewish,0,0,1,1,10.68817377,11.00473046
1,1,1,0,1,28,8000,jewish,0,1,1,1,12.73045063,13.16962957
1,1,0,1,0,41,12000,jewish,1,1,0,1,-3.99718076,-3.249004483
0,0,0,0,0,26,8000,jewish,0,0,0,0,-10.89941859,-10.10818958
0,0,0,0,0,31,8000,jewish,1,0,0,0,-10.89941859,-5.425547957
1,0,0,1,1,67,3000,jewish,0,0,0,1,8.08988452,6.313495636
0,0,0,0,0,56,8000,jewish,0,1,0,0,0.58477439,-5.590324998
1,1,0,1,1,53,12000,jewish,0,1,0,0,3.07759285,5.966195464
1,1,1,0,0,52,24000,jewish,0,1,1,1,17.67245293,18.03174257
1,1,0,1,0,25,16000,jewish,1,0,0,1,-8.579135537,-7.766868472
0,0,0,0,0,37,12000,jewish,0,1,0,1,10.10873199,15.69042206
1,1,1,0,0,52,16000,jewish,1,1,0,1,5.8282125,8.651765585
0,0,0,0,0,41,12000,jewish,0,1,1,1,12.70702124,8.651765585
1,1,0,0,1,56,12000,jewish,0,1,0,0,-1.457502842,5.783672333
0,0,0,0,1,33,8000,jewish,0,1,0,0,5.444735289,8.307515979
1,1,0,0,0,35,24000,jewish,0,1,1,1,5.526776314,10.8252573
1,1,0,1,1,32,24000,jewish,0,1,0,1,10.41016698,18.03174257
1,1,1,0,0,67,16000,jewish,1,0,0,0,-4.184692502,-7.934696674
0,0,0,0,1,70,3000,jewish,0,1,0,0,7.569053769,-0.901581869
1,1,1,0,1,66,3000,jewish,0,0,0,1,17.67245293,18.03174257
0,0,0,0,0,35,8000,jewish,1,1,0,0,3.484499454,-0.896040201
0,0,0,0,1,60,12000,jewish,0,0,0,1,12.73045063,15.69042206
1,1,1,0,1,63,12000,jewish,0,0,0,1,17.67245293,15.51095009
1,1,0,0,0,32,12000,jewish,1,0,0,0,3.183063567,3.786600828
1,1,0,1,1,35,16000,jewish,0,0,0,0,-1.758938581,-3.416832983
1,1,0,1,1,51,12000,jewish,1,0,0,0,5.468165278,3.445402682
0,0,0,0,0,46,16000,jewish,1,1,0,0,3.206493258,6.310444474
1,1,0,1,0,36,12000,jewish,0,1,1,0,5.526776314,3.786600828
1,1,0,0,0,37,12000,jewish,1,1,0,0,0.58477439,-3.249004483
1,1,0,0,0,39,16000,jewish,1,1,0,0,-10.89941859,-3.081176281
1,1,1,0,1,61,0,jewish,1,1,0,0,5.8282125,-5.590324998
1,1,1,0,1,42,12000,jewish,0,0,0,1,3.206493258,3.78965199
1,1,1,0,0,24,3000,no religion,1,0,1,0,3.206493258,1.445280463
1,1,1,0,0,51,16000,jewish,0,0,0,0,12.81249166,13.16962957
0,0,0,0,1,61,8000,jewish,0,0,0,0,8.148495555,18.03174257
1,1,1,0,0,39,24000,jewish,0,0,0,0,-10.89941859,-10.10818958
1,1,1,0,1,43,12000,jewish,0,1,1,0,-6.422934532,-1.072461456
1,1,1,0,0,39,12000,jewish,1,0,0,1,-6.317464113,-1.072461456
1,0,0,1,0,52,3000,jewish,1,0,0,0,12.42901444,-0.72821185
1,1,1,0,1,34,16000,jewish,0,1,0,0,-8.579135537,-5.59337616
1,1,0,1,1,30,8000,jewish,1,0,0,0,-10.89941859,-10.10818958
1,1,0,1,0,36,16000,jewish,0,1,0,0,5.143299699,6.130972505
1,1,0,1,1,35,24000,no religion,0,1,0,0,10.46877861,10.64578533
1,1,1,0,0,69,3000,jewish,1,0,0,0,-1.676897407,-3.252055645
1,0,0,1,1,65,12000,jewish,1,0,0,0,-6.317464113,-7.934696674
1,1,1,0,0,34,3000,jewish,0,0,0,0,3.206493258,1.445280463
1,1,0,0,0,38,12000,jewish,0,0,0,1,-3.695744872,-0.725160912
1,1,1,0,0,47,12000,jewish,1,1,0,1,-6.317464113,-5.590324998
1,0,0,1,0,31,12000,jewish,1,1,0,0,-6.258852482,-7.766868472
1,0,0,1,0,42,12000,jewish,1,1,0,0,-1.676897407,-1.078563482
1,0,0,1,1,69,12000,jewish,1,0,0,0,-6.340893507,-3.419884145
1,1,1,0,0,39,16000,jewish,0,1,0,0,-10.89941859,-10.10818958
1,1,0,1,0,42,16000,jewish,1,1,0,0,0.944821537,-0.907684043
0,0,0,0,1,35,12000,jewish,1,1,1,1,12.73045063,NA
1,0,1,0,0,33,12000,jewish,1,1,0,0,-6.258852482,-5.425547957
1,0,1,0,1,62,24000,jewish,0,0,0,0,-6.258852482,-5.425547957
1,1,1,0,0,31,8000,jewish,1,0,0,0,-1.758938581,-3.419884145
1,1,1,0,1,57,12000,jewish,1,1,0,0,8.148495555,8.651765585
1,1,0,1,1,44,16000,jewish,0,1,0,0,5.8282125,3.621823788
1,1,0,0,1,51,16000,jewish,0,1,0,0,-3.034262061,-5.066603422
1,1,0,0,1,51,16000,jewish,0,1,0,0,2.846446037,6.142616272
1,1,1,0,0,72,16000,jewish,0,1,1,1,-1.457502842,1.265808195
1,1,1,0,0,67,16000,jewish,0,1,1,1,7.847059965,8.304464817
1,0,0,1,1,48,16000,jewish,1,1,0,1,-4.079221785,-5.59337616
1,0,1,0,0,51,8000,jewish,1,0,0,0,-10.89941859,-7.766868472
0,0,0,0,1,71,12000,jewish,1,0,0,0,-1.758938581,1.265808195
1,0,0,0,0,42,12000,jewish,0,0,0,0,-3.613703847,-2.901704013
1,1,0,1,1,44,24000,jewish,1,1,0,0,-10.89941859,-10.10818958
1,1,1,0,0,51,16000,jewish,1,1,0,0,-4.020610452,-0.72821185
1,1,0,0,0,40,16000,jewish,0,0,0,0,17.67245293,15.69042206
0,0,0,0,1,39,16000,jewish,0,1,0,0,-1.457502842,-0.896040201
1,1,1,0,1,35,8000,jewish,1,0,0,0,5.910253525,1.613108665
1,0,1,0,1,72,12000,jewish,0,1,1,NA,10.38673759,NA
1,1,0,1,1,46,16000,jewish,0,1,0,1,15.35216928,15.69042206
1,0,0,0,0,34,12000,jewish,1,1,0,0,-1.700327098,-5.425547957
0,0,0,0,1,37,16000,jewish,0,1,0,0,8.148495555,10.8252573
1,1,1,0,1,46,12000,jewish,1,1,0,0,-1.758938581,-1.075512394
1,1,1,0,0,30,12000,jewish,0,0,0,0,-4.020610452,-10.10818958
0,0,0,0,1,37,16000,jewish,1,1,1,1,5.80478251,8.651765585
1,1,0,1,1,31,12000,jewish,0,0,0,0,17.67245293,-0.72821185
1,1,0,1,1,40,12000,jewish,0,0,0,1,5.468165278,10.64883709
1,0,1,0,0,70,12000,jewish,0,0,0,0,2.905057669,5.783672333
1,1,0,1,1,59,24000,jewish,0,1,0,0,2.905057669,3.78965199
1,1,0,0,1,24,0,jewish,1,0,0,1,0.886210129,1.445280463
1,1,1,0,0,22,0,jewish,0,0,0,1,0.862780437,-0.896040201
1,1,1,0,0,72,3000,jewish,0,0,0,1,0.50273329,6.142616272
1,0,0,1,0,65,8000,jewish,1,0,0,0,5.746171474,1.448331326
1,1,1,0,1,33,12000,jewish,0,1,0,0,12.42901444,10.64883709
1,1,0,0,0,68,12000,jewish,0,0,0,0,5.746171474,3.96912396
1,0,0,1,0,35,8000,jewish,1,1,1,1,8.148495555,NA
1,1,1,0,1,65,8000,jewish,1,0,0,1,7.463582754,5.780621171
1,1,1,0,0,65,24000,jewish,0,1,0,1,13.03188682,10.64883709
0,0,0,0,1,50,16000,jewish,1,0,0,0,0.455873758,NA
0,0,0,0,0,37,3000,jewish,1,0,0,0,3.56654048,3.966073096
0,0,0,0,0,43,8000,jewish,1,0,0,0,15.32873988,8.651765585
1,1,0,1,0,49,16000,jewish,0,0,0,0,0.944821537,1.265808195
1,1,1,0,1,40,12000,jewish,0,1,0,1,17.67245293,18.03174257
1,1,1,0,1,42,12000,jewish,1,1,0,1,-10.89941859,-10.10818958
1,1,1,0,0,47,12000,jewish,1,1,0,1,3.206493258,5.783672333
1,0,1,0,0,37,12000,jewish,0,1,0,0,-10.89941859,-5.590324998
0,0,0,0,0,42,8000,jewish,1,1,0,0,-1.782368422,-3.416832983
1,1,0,0,1,59,12000,jewish,1,1,0,0,5.80478251,6.310444474
0,0,0,0,0,64,3000,jewish,1,0,0,1,3.206493258,3.78965199
1,0,1,0,0,30,12000,jewish,1,0,0,0,-6.422934532,-5.590324998
0,0,0,0,1,26,12000,jewish,0,0,0,0,-6.235423088,-0.907684043
0,0,0,0,0,53,16000,jewish,0,0,0,0,0.968251377,6.130972505
1,1,0,1,0,44,12000,jewish,1,1,1,1,-6.317464113,-5.590324998
1,1,1,0,1,46,3000,jewish,1,0,0,0,-10.89941859,-10.10818958
1,1,0,1,1,37,3000,jewish,1,0,0,0,-4.184692502,3.436249495
1,1,1,0,0,33,12000,jewish,0,1,0,0,-1.782368422,8.648714423
1,1,0,0,0,38,12000,jewish,0,1,1,1,17.67245293,18.03174257
1,1,1,0,1,59,16000,jewish,0,1,0,1,10.10873199,10.8252573
1,1,0,1,1,43,24000,jewish,1,1,0,1,5.526776314,8.304464817
1,1,0,1,0,22,12000,jewish,0,0,0,1,3.56654048,-5.419445634
1,1,0,0,0,22,0,jewish,0,0,0,1,12.73045063,8.128044009
1,1,0,1,0,49,16000,jewish,0,1,1,1,10.38673759,13.16657782
1,1,0,0,1,59,12000,jewish,0,0,0,0,-10.89941859,-5.422496796
1,1,0,0,0,38,3000,jewish,1,1,1,0,5.746171474,6.310444474
1,1,0,1,0,53,8000,jewish,1,1,1,0,12.73045063,-10.10818958
1,1,1,0,0,35,12000,jewish,1,1,0,0,-10.89941859,-10.10818958
1,1,0,1,0,27,12000,jewish,1,0,0,0,-10.89941859,-3.069532514
1,1,0,0,1,53,12000,jewish,0,0,0,0,5.746171474,-0.551790707
1,0,1,0,0,59,3000,jewish,1,0,0,0,1.246257424,-5.425547957
1,1,0,0,0,57,3000,jewish,1,1,0,1,-1.782368422,11.00778103
1,1,0,0,0,46,12000,jewish,0,0,0,0,-6.422934532,-5.590324998
0,0,0,0,1,41,16000,jewish,0,1,0,1,0.780739337,8.304464817
1,1,0,0,1,24,12000,jewish,1,0,0,0,-10.89941859,-10.10818958
1,1,0,1,0,41,24000,jewish,0,0,0,0,-6.317464113,-1.072461456
1,0,0,0,1,40,12000,jewish,0,1,0,0,-1.375461668,-5.590324998
1,1,0,1,0,22,16000,jewish,1,0,0,0,-10.89941859,-10.10818958
1,1,0,1,0,65,12000,jewish,1,1,0,0,-6.317464113,-5.761204958
1,1,0,0,1,36,16000,jewish,0,1,0,0,-1.676897407,8.472293019
1,1,0,1,1,53,16000,jewish,0,1,0,0,2.846446037,6.130972505
1,1,0,0,1,40,24000,jewish,0,1,1,1,12.73045063,10.82830906
1,1,0,0,0,24,0,jewish,1,0,0,0,-6.258852482,-10.10818958
0,0,0,0,1,51,24000,jewish,0,1,0,0,17.67245293,18.03174257
1,1,1,0,0,72,24000,jewish,0,1,0,0,2.905057669,1.265808195
1,1,0,0,1,31,12000,jewish,0,0,0,0,17.67245293,18.03174257
0,0,0,0,0,54,16000,jewish,0,1,0,1,5.80478251,3.621823788
0,0,0,0,1,39,16000,jewish,0,1,0,1,-1.840979755,-7.934696674
1,1,0,1,0,41,12000,jewish,1,0,0,0,-10.89941859,1.613108665
1,1,0,1,0,50,16000,jewish,1,1,0,0,5.746171474,13.34910154
1,1,0,1,1,36,12000,jewish,0,1,1,1,8.148495555,6.310444474
1,1,0,0,0,40,16000,jewish,0,1,0,0,-1.840979755,1.101030856
1,0,1,0,0,62,12000,jewish,0,1,0,1,10.10873199,5.786723495
1,0,0,1,0,50,8000,jewish,0,1,0,1,10.38673759,13.34605098
0,0,0,0,0,56,16000,jewish,1,1,0,0,8.148495555,5.960093141
1,1,1,0,0,24,16000,jewish,0,0,0,0,-3.637133539,-0.72821185
1,1,0,1,0,59,8000,jewish,1,0,0,0,-10.89941859,-7.934696674
1,1,0,0,0,33,12000,jewish,0,1,0,0,-4.020610452,1.265808195
1,1,0,1,1,33,3000,jewish,0,1,0,0,-4.079221785,-5.761204958
1,1,0,1,1,32,12000,jewish,0,0,0,0,-4.020610452,-0.72821185
1,1,1,0,0,40,8000,jewish,1,1,0,0,-4.020610452,-5.425547957
1,1,0,1,1,49,12000,jewish,0,1,0,0,0.58477439,-0.896040201
1,1,0,1,0,32,12000,jewish,1,0,1,1,3.183063567,-0.899091288
1,1,1,0,0,60,12000,jewish,0,1,0,1,10.10873199,NA
1,1,1,0,1,38,8000,jewish,0,1,0,1,17.67245293,15.69042206
1,1,0,1,1,53,12000,jewish,0,1,0,0,-1.735508889,-1.072461456
1,1,1,0,1,58,24000,jewish,1,1,0,1,15.35216928,18.03174257
0,0,0,0,0,41,12000,jewish,0,0,0,0,2.823016644,3.44235152
0,0,0,0,1,60,12000,jewish,1,1,0,1,3.288534582,13.16657782
0,0,0,0,1,62,12000,jewish,0,1,0,0,-6.258852482,-10.10818958
1,1,1,0,0,45,8000,jewish,1,1,0,0,3.507929146,3.96912396
1,1,1,0,1,39,12000,jewish,1,1,0,0,-6.340893507,-0.731262937
1,0,0,1,0,53,12000,jewish,0,1,0,0,-6.317464113,-10.10818958
1,1,1,0,1,35,12000,jewish,0,1,1,1,8.148495555,13.16657782
1,1,0,1,0,29,8000,jewish,0,1,0,0,-6.317464113,-5.590324998
1,1,0,1,1,27,16000,jewish,1,0,0,0,-3.99718076,-0.72821185
1,0,0,1,0,28,0,jewish,1,1,0,0,0.561344549,1.265808195
0,0,0,0,0,65,0,jewish,1,0,0,0,12.70702124,10.64883709
1,1,1,0,1,74,12000,jewish,0,0,1,0,0.561344549,-1.072461456
1,1,1,0,1,48,16000,jewish,0,0,0,1,15.35216928,15.69042206
1,1,0,0,0,33,8000,jewish,1,1,0,1,10.46877861,6.304342747
0,0,0,0,0,61,24000,jewish,0,1,0,1,3.124452233,10.8252573
1,1,0,0,0,37,12000,jewish,0,0,0,0,0.561344549,5.783672333
1,1,0,0,0,41,16000,no religion,0,1,0,1,17.67245293,8.651765585
1,1,1,0,1,57,8000,jewish,0,0,0,1,-1.735508889,-1.072461456
1,1,1,0,0,22,0,jewish,1,0,0,0,-3.695744872,-3.069532514
1,1,0,1,1,35,3000,jewish,0,1,0,1,5.526776314,6.130972505
1,1,0,1,1,41,12000,jewish,0,0,0,0,0.561344549,5.783672333
1,1,1,0,0,29,12000,jewish,1,0,0,0,-6.258852482,-10.10818958
1,1,0,1,1,35,12000,jewish,1,1,0,0,-10.89941859,-10.10818958
1,1,1,0,1,29,8000,jewish,0,1,0,0,-10.89941859,-7.766868472
0,0,0,0,0,34,12000,jewish,0,0,0,0,-3.938569427,-3.084227145
0,0,0,0,1,23,16000,jewish,0,0,0,0,-1.758938581,3.610179722
1,1,1,0,0,42,16000,other,1,0,0,0,-1.758938581,-0.72821185
1,0,0,1,0,58,8000,jewish,1,0,0,1,17.67245293,11.17560983
1,1,1,0,0,51,16000,jewish,0,1,0,0,-10.89941859,-10.10818958
1,1,0,1,1,35,16000,jewish,0,1,0,0,-10.89941859,-10.10818958
1,1,0,1,0,46,16000,jewish,0,0,0,0,-1.735508889,-3.416832983
1,1,0,1,1,38,16000,jewish,0,1,0,0,0.561344549,6.130972505
1,1,1,0,0,45,8000,jewish,0,1,1,0,2.905057669,-10.10818958
1,1,0,0,0,30,8000,jewish,0,1,1,1,7.463582754,5.954551697
1,1,0,1,1,30,8000,jewish,0,1,0,0,-1.269990802,-7.766868472
1,1,0,1,0,38,12000,jewish,0,0,0,0,-1.735508889,1.268859208
1,1,1,0,1,26,12000,jewish,0,1,0,0,-3.99718076,-7.766868472
0,0,0,0,1,68,24000,jewish,0,1,0,0,-10.89941859,-10.10818958
1,1,0,1,1,65,16000,jewish,1,0,0,0,12.73045063,-5.425547957
1,1,0,0,0,35,24000,no religion,0,1,0,0,-6.340893507,-10.10818958
1,1,0,0,1,43,16000,jewish,1,1,0,1,3.484499454,3.966073096
0,0,0,0,0,58,3000,jewish,0,1,0,0,15.35216928,15.69042206
0,0,0,0,1,59,8000,jewish,1,1,0,0,-10.89941859,-10.10818958
0,0,0,0,0,58,12000,jewish,1,1,1,0,5.444735289,-3.249004483
1,0,0,1,1,58,3000,jewish,1,0,0,0,-6.258852482,-10.10818958
1,1,1,0,1,53,12000,jewish,0,1,0,1,17.67245293,8.651765585
1,1,0,0,0,29,3000,jewish,1,0,0,NA,-3.99718076,NA
1,0,0,1,0,38,3000,jewish,0,0,0,0,-1.840979755,NA
0,0,0,0,1,72,12000,jewish,0,1,1,1,12.73045063,15.51095009
1,0,1,0,0,29,3000,jewish,1,1,0,0,-10.89941859,-10.10818958
0,0,0,0,0,22,12000,other,1,0,0,0,-6.340893507,-10.10818958
1,1,0,1,1,42,16000,jewish,0,1,0,0,17.67245293,5.963144302
1,1,0,1,0,35,8000,jewish,0,0,0,1,10.71160316,3.96912396
1,1,0,1,0,30,3000,jewish,1,0,0,0,-6.340893507,-5.425547957
1,1,0,1,0,21,12000,jewish,1,1,0,0,3.183063567,-0.896040201
0,0,0,0,1,35,24000,jewish,0,1,0,0,5.248770714,3.610179722
1,1,0,0,1,53,24000,jewish,0,1,0,0,-4.020610452,1.271910369
1,0,0,1,0,27,12000,jewish,0,0,0,0,12.73045063,NA
1,0,1,0,1,65,16000,jewish,1,1,0,0,8.06645453,10.64578533
0,0,0,0,1,72,8000,jewish,1,0,0,0,10.71160316,15.69042206
1,1,1,0,0,50,12000,jewish,1,0,0,0,-10.89941859,-10.10818958
1,1,0,1,0,23,12000,jewish,1,0,0,0,10.36330819,8.301413655
0,0,0,0,0,40,12000,jewish,0,1,0,0,-6.422934532,-10.10818958
1,1,0,1,0,36,12000,jewish,1,1,0,0,-6.258852482,-5.761204958
1,1,1,0,1,69,3000,jewish,1,0,0,1,12.73045063,15.51095009
1,0,1,0,1,63,12000,jewish,1,1,0,1,12.73045063,18.03174257
0,0,0,0,0,40,12000,jewish,0,1,0,0,8.148495555,3.957480192
0,0,0,0,0,81,0,jewish,0,0,0,0,-8.579135537,-10.10818958
0,0,0,0,0,40,12000,jewish,0,1,0,0,-3.973751068,1.448331326
1,1,1,0,0,35,12000,jewish,0,0,0,0,-4.020610452,-5.425547957
1,0,1,0,1,69,8000,jewish,1,0,0,1,13.03188682,13.34910154
0,0,0,0,1,62,12000,jewish,0,0,0,0,-6.317464113,-1.072461456
1,1,0,0,1,51,16000,jewish,0,1,0,1,5.444735289,8.307515979
1,0,0,1,0,74,3000,jewish,1,0,0,0,-1.480932534,-3.419884145
1,0,1,0,1,36,12000,jewish,0,1,0,0,-4.079221785,-0.72821185
0,0,0,0,0,47,3000,jewish,1,0,0,0,-10.89941859,-10.10818958
1,1,1,0,1,59,16000,jewish,0,1,0,0,8.148495555,-0.896040201
0,0,0,0,1,44,16000,jewish,0,1,1,1,5.468165278,1.277452111
1,1,0,1,0,56,16000,jewish,0,0,1,0,-5.655981302,-0.72821185
1,1,0,1,0,26,3000,jewish,0,0,0,0,10.38673759,8.304464817
1,1,0,0,1,58,12000,jewish,0,1,0,0,0.66681549,6.130972505
1,1,0,1,0,44,8000,jewish,1,1,0,0,-10.89941859,-7.766868472
1,1,1,0,0,43,24000,jewish,0,1,1,1,5.526776314,3.78965199
1,1,1,0,1,74,12000,jewish,1,0,0,1,12.73045063,10.8252573
0,0,0,0,1,36,16000,jewish,0,1,0,0,-1.653467715,-1.075512394
1,0,1,0,0,54,12000,jewish,1,1,0,0,2.799586654,-1.075512394
1,1,0,1,1,40,16000,jewish,0,1,0,0,8.148495555,-3.069532514
1,1,0,1,0,28,8000,jewish,1,0,0,0,-6.258852482,-5.425547957
1,1,1,0,0,40,8000,jewish,1,0,0,0,-8.579135537,-5.425547957
0,0,0,0,1,32,12000,jewish,1,1,0,1,8.06645453,NA
1,1,0,1,0,35,12000,jewish,0,0,0,0,-10.89941859,-10.10818958
1,0,0,1,0,35,8000,jewish,1,0,0,1,10.38673759,NA
1,1,0,0,1,72,24000,jewish,1,1,0,0,-10.89941859,-10.10818958
1,1,0,1,1,37,16000,jewish,0,1,0,0,15.05073428,8.834289312
1,1,1,0,0,36,12000,no religion,1,1,1,1,10.38673759,15.69042206
0,0,0,0,1,59,12000,jewish,1,0,0,0,0.886210129,6.130972505
1,1,0,0,0,27,12000,jewish,0,0,0,0,-6.258852482,5.951500535
0,0,0,0,0,36,12000,jewish,0,1,1,1,8.148495555,10.9930861
1,1,0,1,0,39,12000,jewish,1,0,0,0,12.73045063,13.16962957
1,0,0,1,0,48,12000,jewish,0,0,0,0,-10.89941859,-3.084227145
1,1,0,1,0,52,12000,jewish,1,0,0,0,-10.89941859,-0.72821185
1,1,0,1,0,67,12000,jewish,0,0,0,0,5.526776314,6.130972505
1,1,1,0,1,29,12000,no religion,0,0,1,1,5.746171474,6.310444474
1,1,1,0,0,29,12000,jewish,0,0,0,0,-4.020610452,-3.252055645
1,1,1,0,0,40,0,jewish,1,1,1,0,0.58477439,-7.76381731
1,0,1,0,0,64,8000,jewish,1,0,0,0,5.910253525,18.03174257
1,1,0,0,0,33,8000,jewish,1,0,0,0,-10.89941859,-10.10818958
0,0,0,0,1,23,3000,jewish,1,0,0,0,-10.89941859,-1.075512394
1,1,1,0,0,41,3000,jewish,0,0,0,0,-6.422934532,-5.590324998
1,1,1,0,0,41,12000,jewish,0,0,0,0,2.905057669,5.783672333
1,1,1,0,1,32,12000,jewish,1,1,0,0,-10.89941859,-5.425547957
1,1,0,0,0,32,3000,jewish,0,1,0,0,0.968251377,-0.72821185
1,1,1,0,0,36,24000,jewish,0,0,0,0,0.58477439,1.448331326
1,0,0,1,1,36,8000,jewish,1,1,0,1,-3.99718076,-3.416832983
1,1,1,0,0,42,12000,jewish,1,0,0,0,3.183063567,-3.416832983
0,0,0,0,0,69,12000,jewish,1,0,0,0,0.66681549,-5.761204958
0,0,0,0,0,32,12000,jewish,1,1,0,1,8.148495555,18.03174257
0,0,0,0,0,37,16000,jewish,0,1,0,0,0.479303598,-0.731262937
1,1,1,0,0,64,24000,jewish,0,0,0,0,10.10873199,10.64883709
1,1,0,0,1,34,16000,jewish,0,0,0,0,-4.079221785,-1.078563482
1,1,1,0,0,32,8000,no religion,0,0,1,0,-4.102651477,6.307393909
1,1,0,0,0,38,12000,jewish,0,1,0,0,-3.915139735,-7.934696674
1,1,1,0,0,33,0,jewish,0,1,0,0,15.4342103,13.16962957
1,1,0,1,1,25,12000,jewish,0,0,0,0,-1.375461668,6.310444474
1,1,0,1,0,31,12000,jewish,1,1,0,1,5.50334692,6.127921343
1,1,0,1,1,44,16000,jewish,1,1,0,0,-10.89941859,-10.10818958
1,1,0,1,1,65,8000,jewish,1,1,0,1,8.148495555,-5.066603422
1,1,0,0,1,26,8000,jewish,0,1,0,0,-3.695744872,-10.10818958
1,1,0,1,1,23,3000,jewish,0,0,0,0,8.148495555,NA
1,1,0,1,0,43,12000,jewish,0,0,0,0,0.561344549,-7.934696674
0,0,0,0,0,49,12000,jewish,1,0,0,0,0.561344549,1.265808195
1,1,0,0,1,35,16000,jewish,0,1,0,0,5.143299699,3.436249495
1,1,0,0,1,66,8000,jewish,0,0,0,1,7.487012744,8.128044009
1,1,1,0,0,29,3000,jewish,1,0,0,0,-6.258852482,-3.252055645
1,1,0,0,0,26,3000,jewish,0,0,0,0,3.206493258,3.78965199
1,0,0,0,0,23,12000,jewish,1,0,0,0,-6.039457917,-3.084227145
1,1,0,1,0,47,12000,jewish,1,0,0,0,3.26510489,-0.910735056
1,1,1,0,1,68,12000,jewish,1,1,0,1,0.944821537,1.613108665
1,1,1,0,0,31,8000,jewish,1,1,0,0,-10.89941859,-10.10818958
1,1,0,1,0,31,8000,jewish,1,0,0,1,0.862780437,1.445280463
0,0,0,0,0,35,8000,jewish,0,0,0,0,0.58477439,-1.075512394
1,0,0,1,0,61,12000,jewish,0,0,0,1,0.50273329,-1.072461456
1,1,0,1,0,23,3000,jewish,0,0,0,0,-4.079221785,-10.10818958
0,0,0,0,1,62,12000,jewish,1,1,0,0,0.862780437,-1.075512394
1,1,0,1,0,35,12000,jewish,1,1,0,0,-10.89941859,NA
1,1,0,1,0,27,16000,jewish,0,0,0,1,7.788448334,8.304464817
1,1,1,0,1,34,8000,jewish,1,0,1,1,10.38673759,3.78965199
0,0,0,0,0,43,16000,jewish,0,0,0,0,3.183063567,1.624752581
1,1,1,0,0,57,16000,jewish,0,0,0,0,8.148495555,3.786600828
1,0,0,1,0,37,NA,jewish,0,0,0,0,-1.375461668,-3.249004483
1,1,1,0,1,55,16000,jewish,1,1,0,0,-10.89941859,-7.934696674
1,0,0,0,1,43,16000,jewish,1,1,0,1,5.421305895,8.304464817
1,1,1,0,0,65,8000,jewish,0,0,0,1,13.03188682,15.68737149
1,1,0,0,1,58,12000,jewish,0,0,0,0,-4.020610452,-3.252055645
1,1,1,0,1,43,16000,jewish,0,0,0,0,2.846446037,3.621823788
1,1,0,0,1,43,12000,jewish,0,0,0,0,5.8282125,3.96912396
0,0,0,0,1,70,12000,jewish,0,1,0,1,10.41016698,-3.587712348
1,1,1,0,1,39,8000,jewish,0,1,0,0,5.8282125,1.265808195
1,1,0,1,1,35,16000,jewish,0,1,0,0,-4.079221785,-1.072461456
0,0,0,0,0,29,12000,jewish,0,0,0,0,-6.422934532,-3.240411878
1,0,1,0,0,33,3000,jewish,1,0,0,0,-4.184692502,-3.587712348
0,0,0,0,0,44,12000,jewish,0,1,1,1,10.41016698,6.142616272
1,1,0,1,0,49,12000,jewish,0,0,0,0,-1.758938581,-1.072461456
0,0,0,0,0,26,16000,jewish,1,0,0,0,-10.89941859,-10.10818958
0,0,0,0,1,58,12000,jewish,1,1,0,0,10.38673759,6.310444474
0,0,0,0,1,70,3000,jewish,1,0,0,1,12.70702124,18.03174257
1,1,0,1,0,30,12000,jewish,1,1,0,1,7.76501894,8.651765585
1,1,1,0,0,57,8000,jewish,1,0,0,1,-1.864409447,-1.243340671
1,1,1,0,1,44,12000,jewish,0,1,0,0,-10.89941859,-10.10818958
1,1,0,1,0,30,12000,jewish,1,1,0,0,-6.422934532,-5.761204958
1,0,0,0,0,35,8000,jewish,1,1,0,1,-1.782368422,-0.739855468
0,0,0,0,1,65,12000,jewish,1,1,0,1,17.67245293,15.51095009
1,1,0,1,0,27,12000,jewish,1,0,0,0,2.905057669,9.166894555
1,1,0,0,1,31,16000,jewish,0,1,0,1,12.73045063,8.651765585
0,0,0,0,1,40,8000,jewish,1,0,0,1,5.608817935,-0.907684043
1,1,1,0,0,47,12000,jewish,1,1,0,0,0.862780437,1.445280463
0,0,0,0,1,35,16000,jewish,0,0,0,0,0.561344549,8.472293019
1,1,1,0,0,44,3000,jewish,1,0,0,0,-4.079221785,-3.416832983
1,0,0,0,0,45,24000,jewish,1,1,0,0,8.148495555,3.786600828
1,1,0,1,0,31,8000,jewish,0,0,0,0,-10.89941859,-10.10818958
1,1,0,1,0,30,12000,jewish,0,0,1,1,2.905057669,6.130972505
1,0,0,0,1,49,12000,jewish,1,0,0,0,0.944821537,1.613108665
1,1,0,1,1,64,12000,jewish,1,1,0,1,17.67245293,13.16962957
0,0,0,0,1,69,16000,jewish,0,1,0,0,5.526776314,-5.425547957
1,1,0,1,0,36,8000,jewish,0,0,0,1,-1.562973559,1.624752581
1,0,0,1,1,70,12000,jewish,0,1,1,0,3.183063567,3.786600828
1,1,1,0,1,42,8000,jewish,0,1,0,0,1.164216176,1.445280463
1,0,1,0,0,55,3000,jewish,1,0,0,0,0.537914932,-3.084227145
1,1,0,1,0,28,NA,jewish,1,1,1,1,5.526776314,1.268859208
1,1,1,0,1,35,16000,jewish,0,1,0,0,-8.661177158,-1.075512394
1,1,0,1,1,37,12000,jewish,0,1,0,1,17.67245293,18.03174257
1,1,1,0,0,20,12000,jewish,0,1,0,0,-1.375461668,1.613108665
1,1,0,1,1,44,3000,jewish,0,1,0,0,-10.89941859,-10.10818958
1,1,0,1,1,56,12000,jewish,1,0,0,0,10.41016698,8.475344181
1,1,1,0,1,31,16000,jewish,0,1,0,0,10.71160316,11.00778103
1,1,1,0,0,22,12000,jewish,0,0,0,0,-8.661177158,-3.419884145
0,0,0,0,1,68,12000,jewish,0,0,0,1,5.526776314,8.480886221
1,1,1,0,1,52,12000,jewish,0,0,0,0,10.46877861,15.51095009
1,1,0,0,0,41,3000,jewish,0,0,0,1,7.487012744,-1.072461456
1,1,1,0,0,28,8000,jewish,0,0,0,0,-10.89941859,-10.10818958
1,1,0,1,1,34,12000,jewish,0,1,0,0,7.847059965,8.651765585
1,1,0,1,0,26,16000,jewish,1,0,0,0,-10.89941859,-10.10818958
0,0,0,0,1,45,8000,jewish,1,0,0,1,5.8282125,6.310444474
1,1,1,0,0,43,12000,jewish,0,1,0,0,13.03188682,10.82830906
0,0,0,0,0,59,12000,jewish,1,1,0,0,2.881627977,1.262757182
1,0,0,1,1,34,12000,jewish,1,0,0,0,3.56654048,1.265808195
0,0,0,0,0,45,16000,jewish,1,0,0,0,-8.579135537,-0.72821185
0,0,0,0,0,31,3000,jewish,1,0,0,NA,-8.579135537,NA
1,1,0,0,0,29,16000,jewish,1,0,1,1,2.799586654,12.9901576
1,1,0,1,0,34,12000,no religion,0,1,1,1,12.70702124,10.9930861
1,1,1,0,0,33,16000,jewish,1,1,0,1,5.526776314,12.9901576
0,0,0,0,0,54,3000,jewish,0,0,0,0,0.643385872,-0.907684043
1,1,0,1,1,59,12000,jewish,0,1,0,1,17.67245293,18.03174257
1,1,0,0,1,64,24000,jewish,1,1,0,0,-1.676897407,-0.907684043
1,1,0,1,0,24,12000,jewish,0,0,0,1,15.35216928,15.69042206
1,1,0,1,0,28,8000,jewish,0,0,1,1,17.67245293,18.03174257
1,0,0,0,1,76,8000,jewish,0,1,0,0,2.905057669,6.130972505
0,0,0,0,1,51,12000,jewish,0,1,0,0,2.905057669,-1.078563482
1,1,1,0,1,57,16000,jewish,0,1,0,0,-10.89941859,-7.934696674
1,1,1,0,0,59,12000,jewish,0,0,0,0,3.402458429,11.00778103
1,0,0,1,0,27,3000,jewish,0,1,0,0,-4.102651477,-1.246391758
0,0,0,0,0,26,3000,jewish,0,0,0,0,-1.782368422,-10.10818958
1,0,0,1,0,77,3000,jewish,1,0,0,1,5.421305895,3.786600828
1,1,0,1,0,62,16000,jewish,0,1,0,0,10.08530259,12.9901576
1,1,1,0,1,59,12000,jewish,0,1,0,0,0.780739337,3.439300358
1,1,0,1,1,65,16000,jewish,0,1,0,0,10.46877861,8.651765585
1,1,0,0,1,36,24000,jewish,1,1,0,1,-6.258852482,-10.10818958
1,1,0,1,1,49,12000,jewish,0,1,1,0,-1.758938581,-1.075512394
1,1,0,1,1,47,16000,jewish,0,0,0,1,8.148495555,3.78965199
1,1,1,0,1,28,24000,jewish,1,1,1,1,5.526776314,1.268859208
1,1,0,0,1,41,24000,jewish,0,1,0,0,3.183063567,3.610179722
1,1,0,1,1,55,12000,jewish,0,0,1,1,1.140786484,3.966073096
1,0,0,1,0,55,12000,jewish,1,0,0,0,-3.99718076,-1.078563482
1,1,0,0,0,41,12000,jewish,1,1,0,0,-4.079221785,1.268859208
1,0,1,0,0,44,3000,jewish,1,0,0,0,-8.661177158,-10.10818958
0,0,0,0,1,35,8000,jewish,0,1,0,0,17.67245293,18.03174257
1,1,1,0,0,29,12000,jewish,0,1,0,0,-10.89941859,-10.10818958
1,1,0,1,0,51,24000,jewish,1,1,0,1,15.35216928,15.69042206
1,1,1,0,0,25,3000,jewish,0,0,0,0,-1.398891509,3.786600828
0,0,0,0,0,34,12000,jewish,1,1,0,0,3.507929146,3.96912396
0,0,0,0,0,24,12000,jewish,0,0,0,0,12.98502684,8.480886221
0,0,0,0,1,37,24000,jewish,0,1,0,0,5.80478251,6.307393909
1,1,1,0,1,43,12000,jewish,0,1,0,0,17.67245293,1.445280463
0,0,0,0,1,49,8000,jewish,1,0,0,1,2.905057669,3.610179722
1,1,0,1,0,48,3000,jewish,1,0,0,1,10.38673759,8.483936787
1,1,0,1,0,43,16000,jewish,1,1,1,1,10.38673759,13.16657782
1,1,0,1,1,29,12000,jewish,0,0,0,0,-6.422934532,-7.934696674
1,1,0,1,0,31,12000,jewish,1,0,0,0,-10.89941859,1.268859208
0,0,0,0,0,42,12000,jewish,1,0,0,0,0.561344549,1.268859208
1,0,0,1,0,26,16000,jewish,1,0,0,0,-10.89941859,-10.10818958
1,1,0,1,0,62,8000,jewish,1,1,0,1,7.487012744,13.16962957
1,1,1,0,0,29,8000,jewish,1,0,0,0,-4.184692502,-1.075512394
0,0,0,0,0,39,8000,jewish,1,0,0,0,1.246257424,-0.907684043
1,1,0,1,1,45,16000,jewish,1,1,0,1,8.148495555,8.651765585
0,0,0,0,0,31,8000,jewish,1,0,0,0,-4.184692502,-2.904754877
0,0,0,0,1,26,3000,jewish,0,0,0,0,-10.89941859,8.999066353
1,0,0,1,0,30,8000,jewish,1,1,0,0,5.526776314,NA
1,1,0,0,0,42,12000,jewish,1,0,0,0,-6.422934532,-7.934696674
0,0,0,0,0,55,8000,jewish,1,0,0,0,-1.782368422,-10.10818958
1,1,0,0,0,30,12000,jewish,1,1,0,NA,-6.317464113,NA
0,0,0,0,1,56,24000,jewish,0,1,0,0,8.148495555,6.310444474
1,1,0,1,0,38,8000,jewish,0,0,0,0,8.148495555,3.618772626
1,1,1,0,0,29,3000,jewish,1,1,0,0,-10.89941859,-10.10818958
1,1,1,0,1,53,12000,jewish,0,0,0,0,3.183063567,3.439300358
1,1,0,1,0,23,3000,jewish,0,0,0,0,-6.258852482,-5.425547957
1,1,0,1,0,37,12000,jewish,1,1,0,0,-10.89941859,-10.10818958
1,1,1,0,0,33,8000,jewish,0,1,0,0,-8.661177158,-10.10818958
1,0,0,1,1,45,8000,jewish,0,0,0,0,8.08988452,3.621823788
0,0,0,0,0,35,12000,jewish,0,1,0,0,10.492208,18.03174257
1,1,0,0,1,66,8000,jewish,0,1,0,1,-4.079221785,4.313374162
0,0,0,0,1,69,12000,jewish,0,0,0,1,7.76501894,1.101030856
1,1,1,0,0,29,8000,jewish,1,1,1,1,5.608817935,15.85825086
1,0,0,1,0,49,12000,jewish,0,0,0,0,8.148495555,8.651765585
1,1,0,1,1,56,16000,jewish,1,0,0,0,0.921391919,4.133901596
1,1,0,0,0,48,8000,jewish,1,0,0,0,-10.89941859,-10.10818958
1,1,0,1,1,24,12000,jewish,1,0,0,0,2.987098694,-0.907684043
0,0,0,0,1,44,8000,jewish,1,1,0,0,-4.020610452,-10.10818958
1,0,1,0,0,35,8000,jewish,1,1,1,1,12.73045063,13.16962957
0,0,0,0,0,72,12000,jewish,0,1,0,0,-6.317464113,3.610179722
1,1,0,1,0,47,16000,jewish,0,1,0,1,-1.398891509,-2.725282907
0,0,0,0,1,43,12000,jewish,0,1,0,0,-1.735508889,-3.069532514
0,0,0,0,0,47,8000,jewish,1,0,0,0,0.968251377,-10.10818958
1,1,0,0,0,26,16000,jewish,1,1,0,1,8.148495555,4.130850434
1,1,0,0,0,28,8000,jewish,1,0,0,0,7.463582754,18.03174257
1,1,1,0,0,33,16000,jewish,1,1,0,0,8.148495555,3.610179722
1,1,0,1,0,21,8000,jewish,0,0,0,0,-3.801215887,-1.075512394
1,0,0,0,0,28,8000,jewish,0,0,0,0,-6.422934532,-1.078563482
1,1,1,0,1,45,12000,jewish,0,1,0,1,0.886210129,5.963144302
0,0,0,0,1,53,12000,jewish,1,1,0,1,3.183063567,1.265808195
1,1,1,0,0,47,NA,jewish,1,0,0,0,0.561344549,1.265808195
0,0,0,0,0,58,12000,jewish,0,0,0,0,-10.89941859,-10.10818958
1,1,0,0,1,67,16000,jewish,0,1,0,1,17.67245293,18.03174257
1,1,0,1,1,29,16000,jewish,0,1,1,1,17.67245293,18.03174257
1,1,0,0,1,37,12000,jewish,0,1,1,1,12.73045063,18.03174257
1,0,1,0,0,37,8000,jewish,1,1,1,0,3.183063567,8.651765585
0,0,0,0,0,51,12000,jewish,1,1,0,0,-10.89941859,-10.10818958
1,1,1,0,0,25,16000,jewish,0,0,0,0,-10.89941859,-10.10818958
1,1,1,0,1,41,24000,jewish,0,1,0,1,7.76501894,NA
1,0,1,0,0,54,12000,jewish,1,1,1,1,10.79364419,11.17560983
1,0,1,0,1,35,16000,jewish,0,0,0,0,5.80478251,6.130972505
1,1,1,0,1,36,12000,jewish,0,1,0,0,-10.89941859,-10.10818958
1,0,1,0,0,24,8000,jewish,1,0,0,1,-4.184692502,4.13695246
0,0,0,0,1,53,16000,jewish,0,1,0,0,-1.457502842,-5.590324998
1,1,0,0,0,39,8000,jewish,1,1,0,0,-10.89941859,-10.10818958
1,1,0,0,1,30,12000,jewish,0,0,0,0,-10.89941859,-10.10818958
1,1,1,0,1,38,12000,jewish,1,1,0,0,-3.938569427,-3.084227145
1,1,0,1,0,40,8000,jewish,0,0,0,0,2.905057669,-1.078563482
1,1,1,0,1,24,24000,jewish,0,0,0,1,10.38673759,6.310444474
0,0,0,0,0,32,16000,jewish,1,0,0,0,0.58477439,-1.072461456
1,1,1,0,0,18,12000,jewish,0,0,0,0,-4.020610452,-0.907684043
1,1,1,0,1,35,24000,jewish,0,1,0,0,5.526776314,6.130972505
1,1,0,0,0,50,12000,jewish,0,0,0,1,15.35216928,13.34910154
1,1,1,0,0,48,16000,jewish,0,0,0,0,7.870489359,1.265808195
0,0,0,0,1,68,12000,jewish,1,0,0,1,7.76501894,5.963144302
1,0,0,1,0,35,3000,jewish,1,0,0,0,8.321030736,-5.59337616
0,0,0,0,1,59,16000,jewish,1,1,0,0,5.526776314,-3.416832983
1,0,0,1,0,21,8000,druze,1,0,0,NA,7.463582754,NA
1,1,1,0,1,63,16000,jewish,1,1,0,0,-10.89941859,-10.10818958
1,1,1,0,1,35,12000,jewish,0,0,1,1,15.35216928,NA
1,1,1,0,1,67,12000,jewish,0,1,1,1,12.70702124,18.03174257
1,1,0,0,0,38,3000,jewish,1,1,1,1,13.03188682,13.34910154
1,1,0,1,1,54,8000,jewish,0,0,0,0,7.847059965,6.130972505
1,1,0,1,0,48,24000,jewish,1,0,0,0,3.07759285,-5.761204958
1,1,1,0,0,36,8000,no religion,1,1,1,1,-4.102651477,15.85825086
1,1,0,1,0,54,8000,jewish,0,0,0,0,-10.89941859,-10.10818958
0,0,0,0,0,28,3000,jewish,1,0,0,0,-10.89941859,-10.10818958
1,1,0,1,0,29,8000,jewish,1,0,0,0,-4.102651477,1.262757182
1,1,1,0,0,39,16000,jewish,0,0,0,0,-3.801215887,NA
1,1,0,0,1,26,16000,jewish,0,1,0,1,5.119870305,10.46936512
1,1,0,1,1,69,12000,jewish,0,1,0,0,10.38673759,8.651765585
1,0,0,1,1,31,8000,jewish,1,1,0,0,-6.258852482,-10.10818958
1,1,0,0,0,71,16000,jewish,0,1,0,1,8.06645453,10.82830906
0,0,0,0,1,33,8000,jewish,0,1,0,0,5.143299699,1.268859208
0,0,0,0,0,25,12000,jewish,1,0,0,0,-10.89941859,-10.10818958
1,1,1,0,0,33,12000,jewish,1,1,0,0,-8.661177158,-3.240411878
1,1,0,1,0,43,16000,jewish,0,1,0,0,3.206493258,NA
0,0,0,0,1,33,3000,jewish,0,0,0,0,-3.801215887,1.262757182
0,0,0,0,0,32,16000,jewish,0,1,1,0,15.05073428,18.03174257
1,1,1,0,0,26,12000,jewish,0,0,0,0,0.66681549,3.610179722
1,1,0,1,1,52,16000,jewish,1,1,0,1,10.10873199,10.8252573
1,1,1,0,1,27,8000,jewish,1,1,0,0,8.148495555,8.651765585
1,1,0,1,0,34,24000,jewish,0,1,0,0,0.66681549,-0.907684043
0,0,0,0,1,30,24000,jewish,1,1,0,0,-8.555706143,-1.072461456
1,1,0,1,1,43,16000,jewish,0,1,0,1,12.42901444,13.16657782
1,0,1,0,0,40,16000,jewish,1,1,0,0,-8.661177158,-10.10818958
1,1,0,1,1,27,12000,jewish,0,0,0,0,10.68817377,13.34910154
1,1,0,1,1,47,16000,jewish,0,0,0,1,-10.89941859,-10.10818958
1,1,1,0,0,42,12000,jewish,1,0,1,1,15.35216928,18.03174257
1,1,0,1,1,33,16000,jewish,1,1,1,1,12.73045063,15.69042206
1,1,1,0,1,46,12000,jewish,0,0,0,1,3.484499454,6.307393909
1,1,0,0,1,64,NA,jewish,1,1,0,1,5.746171474,3.621823788
1,1,1,0,0,53,12000,jewish,1,1,0,0,-10.89941859,-10.10818958
1,1,0,0,1,25,3000,jewish,0,0,0,0,3.785935044,-10.10818958
1,0,0,0,1,49,3000,jewish,1,0,0,1,10.38673759,10.8252573
1,1,0,1,1,30,3000,jewish,0,1,0,0,3.507929146,1.448331326
0,0,0,0,1,29,12000,jewish,0,0,0,1,-6.317464113,-5.41390419
1,1,0,1,1,47,16000,jewish,0,1,0,0,-10.89941859,-10.10818958
1,1,1,0,0,66,8000,jewish,0,1,0,1,17.67245293,18.03174257
1,0,0,0,0,36,16000,jewish,1,0,0,0,5.143299699,3.610179722
1,1,1,0,0,24,12000,jewish,1,0,0,0,-10.89941859,-7.76381731
1,1,1,0,0,38,12000,jewish,0,0,0,0,8.06645453,3.610179722
1,1,1,0,0,42,16000,jewish,1,1,0,0,-8.661177158,-3.069532514
0,0,0,0,1,47,8000,jewish,0,1,0,0,2.881627977,8.825135827
1,1,0,1,0,27,8000,jewish,1,0,0,0,-6.258852482,-5.425547957
1,1,1,0,0,27,8000,jewish,0,0,0,NA,-10.89941859,NA
1,1,1,0,1,64,8000,jewish,1,0,0,0,2.881627977,5.783672333
1,0,0,1,0,35,8000,jewish,1,1,0,0,-8.661177158,-10.10818958
1,0,0,0,1,52,8000,jewish,0,1,0,0,5.746171474,13.16962957
1,1,1,0,1,65,8000,jewish,0,0,0,0,15.35216928,8.651765585
1,1,1,0,1,42,16000,jewish,1,1,0,0,5.421305895,-7.766868472
1,1,1,0,0,36,12000,muslim,0,1,1,1,17.67245293,18.03174257
1,1,1,0,1,35,12000,jewish,1,1,0,0,-10.89941859,-3.084227145
0,0,0,0,0,52,8000,jewish,1,0,0,0,-10.89941859,-10.10818958
1,1,0,1,1,30,12000,jewish,1,1,0,0,1.140786484,3.966073096
1,0,0,1,1,54,16000,jewish,1,1,0,0,-6.235423088,-10.10818958
1,1,1,0,0,40,8000,jewish,0,0,0,1,-1.457502842,1.448331326
1,0,1,0,1,46,12000,jewish,0,0,0,0,-10.89941859,-10.10818958
0,0,0,0,0,33,12000,jewish,1,0,0,1,10.38673759,8.483936787
1,1,1,0,0,30,8000,jewish,1,1,1,1,2.799586654,8.301413655
1,1,1,0,0,52,16000,jewish,0,1,0,0,7.847059965,3.78965199
1,1,0,1,1,49,12000,jewish,1,0,0,0,5.80478251,15.69042206
1,1,1,0,0,22,3000,jewish,1,0,0,0,-8.579135537,-7.766868472
1,1,1,0,0,22,16000,jewish,1,0,0,0,7.76501894,8.651765585
1,1,0,0,0,27,8000,jewish,1,1,1,0,-1.457502842,8.651765585
1,1,0,1,0,46,12000,jewish,0,1,0,0,5.526776314,-1.078563482
0,0,0,0,0,34,12000,no religion,1,0,0,0,-4.102651477,-7.934696674
1,1,0,1,0,55,8000,jewish,1,0,1,1,10.492208,13.34910154
1,0,0,0,0,42,12000,jewish,1,0,0,0,-1.782368422,1.265808195
1,1,0,0,0,52,8000,jewish,0,0,0,0,9.807295799,8.124992847
0,0,0,0,0,39,16000,jewish,1,0,0,0,-8.661177158,-3.416832983
1,0,0,1,0,53,8000,jewish,0,0,0,0,-8.579135537,-10.10818958
0,0,0,0,0,58,16000,jewish,0,0,0,1,-1.179496795,3.798244894
1,0,1,0,0,28,NA,jewish,0,0,0,1,5.526776314,6.130972505
0,0,0,0,1,75,8000,no religion,0,1,1,1,8.06645453,6.310444474
1,1,1,0,1,35,NA,jewish,0,0,0,1,-10.89941859,-5.425547957
1,1,0,0,0,48,12000,jewish,0,0,0,0,-3.973751068,-0.907684043
0,0,0,0,1,64,12000,jewish,0,0,0,0,0.944821537,-0.72821185
1,1,1,0,0,25,8000,druze,0,0,0,0,5.8282125,11.00778103
0,0,0,0,0,68,3000,jewish,1,0,0,0,5.166729689,8.483936787
1,1,1,0,1,43,16000,jewish,1,1,1,1,17.67245293,15.69042206
1,1,0,1,0,46,12000,jewish,0,0,0,0,-8.661177158,-0.907684043
1,1,1,0,1,42,16000,jewish,1,1,0,1,3.183063567,1.445280463
1,1,1,0,0,46,16000,jewish,0,1,0,0,13.03188682,11.00473046
1,1,0,0,1,56,16000,jewish,0,1,0,0,3.206493258,-7.934696674
0,0,0,0,0,55,8000,jewish,1,0,0,0,3.183063567,3.786600828
1,1,0,1,1,27,3000,jewish,0,1,0,0,-1.375461668,8.651765585
1,0,1,0,0,36,8000,jewish,1,1,0,0,-10.89941859,-10.10818958
1,1,1,0,0,44,8000,no religion,1,0,1,1,5.468165278,8.483936787
1,1,0,1,0,24,12000,jewish,1,0,0,0,-1.758938581,-1.075512394
1,1,0,0,1,26,12000,jewish,0,0,0,1,5.8282125,8.651765585
1,1,0,1,0,48,8000,jewish,0,0,0,0,-8.661177158,-3.416832983
1,0,0,1,1,64,12000,jewish,0,0,0,1,17.67245293,13.16962957
0,0,0,0,0,57,12000,jewish,1,1,0,0,2.881627977,1.265808195
1,0,0,1,0,36,12000,jewish,1,1,0,0,-10.89941859,-10.10818958
1,1,1,0,1,24,24000,jewish,1,0,0,1,5.526776314,-0.907684043
0,0,0,0,1,22,12000,jewish,0,0,0,0,-10.89941859,-10.10818958
1,1,1,0,0,49,16000,jewish,0,1,1,1,5.526776314,6.142616272
0,0,0,0,1,30,16000,jewish,1,1,0,0,-10.89941859,-10.10818958
1,1,0,1,1,62,16000,jewish,0,0,1,1,5.746171474,18.03174257
1,1,1,0,1,48,24000,jewish,1,1,0,0,-3.973751068,1.433636546
0,0,0,0,1,61,8000,jewish,1,1,0,0,-8.661177158,3.96912396
1,1,0,0,1,27,NA,jewish,1,0,0,0,5.143299699,5.780621171
1,1,1,0,1,37,12000,jewish,0,1,0,1,5.8282125,10.8252573
1,1,0,0,0,29,8000,jewish,1,0,0,0,-10.89941859,-0.896040201
0,0,0,0,0,37,12000,jewish,1,1,0,0,0.66681549,-3.249004483
1,1,0,1,0,49,24000,jewish,0,1,0,0,5.526776314,1.448331326
1,1,1,0,0,26,12000,jewish,1,1,0,1,-1.676897407,1.265808195
1,0,1,0,0,36,16000,jewish,1,0,0,0,0.862780437,-5.590324998
1,1,0,0,1,40,3000,jewish,0,0,0,0,-8.661177158,-10.10818958
1,1,0,0,1,43,3000,jewish,0,0,0,0,-10.89941859,-10.10818958
1,1,0,1,0,25,8000,jewish,0,0,0,0,0.561344549,5.951500535
1,1,0,1,1,26,24000,jewish,0,0,0,0,-10.89941859,-10.10818958
1,0,0,1,1,35,16000,jewish,1,1,0,0,2.905057669,-5.243024826
1,1,0,1,0,50,16000,jewish,0,1,0,1,3.124452233,1.101030856
1,1,1,0,0,22,16000,jewish,0,0,0,0,-3.695744872,-5.590324998
0,0,0,0,0,32,12000,jewish,0,0,0,0,3.206493258,1.445280463
1,1,0,0,0,33,12000,jewish,0,0,0,0,-8.579135537,-10.10818958
0,0,0,0,0,34,12000,jewish,1,0,0,0,0.479303598,8.480886221
1,1,0,1,0,29,12000,jewish,0,1,0,0,0.757309645,6.310444474
1,1,1,0,0,31,3000,jewish,1,1,1,1,17.67245293,11.00778103
1,1,1,0,1,38,12000,jewish,0,1,0,1,15.05073428,18.03174257
1,1,0,0,0,57,3000,jewish,1,0,0,0,-1.782368422,3.436249495
1,0,0,0,0,34,8000,jewish,1,1,1,1,-6.340893507,-1.078563482
1,1,0,0,0,33,8000,jewish,0,0,0,0,-1.676897407,-3.249004483
1,0,1,0,0,27,3000,jewish,1,1,0,1,-3.335697651,6.304342747
1,1,0,0,1,37,16000,jewish,0,1,1,1,17.67245293,18.03174257
0,0,0,0,0,27,12000,jewish,1,0,1,1,15.35216928,13.16962957
1,1,1,0,1,33,3000,jewish,0,0,0,0,-10.89941859,-7.766868472
1,1,0,0,0,26,24000,jewish,0,1,0,0,-1.735508889,-3.416832983
1,1,1,0,1,39,12000,jewish,0,1,0,0,-4.079221785,3.78965199
1,1,1,0,0,28,12000,jewish,1,0,0,0,0.862780437,1.265808195
1,1,0,1,0,28,8000,jewish,0,0,0,0,3.206493258,3.786600828
1,1,1,0,1,59,12000,jewish,0,0,0,1,3.183063567,6.130972505
1,1,1,0,1,53,8000,jewish,0,1,0,0,-1.457502842,-0.896040201
1,1,1,0,1,53,16000,jewish,1,1,0,1,8.06645453,10.82830906
1,1,1,0,0,36,12000,jewish,0,0,0,0,12.70702124,10.8252573
0,0,0,0,0,38,12000,jewish,1,0,0,1,8.148495555,-0.72821185
1,1,0,1,0,37,8000,jewish,1,1,0,0,2.905057669,-0.72821185
1,1,0,1,1,72,24000,jewish,0,1,0,1,17.67245293,18.03174257
0,0,0,0,0,26,12000,jewish,0,0,0,0,-10.89941859,-10.10818958
1,1,1,0,0,26,3000,jewish,1,0,0,0,-3.891709745,-5.425547957
1,1,1,0,0,48,8000,jewish,0,0,1,0,10.38673759,10.9930861
0,0,0,0,0,29,12000,jewish,0,0,0,0,-3.99718076,6.130972505
1,1,1,0,0,45,12000,jewish,1,0,0,1,-1.735508889,-3.416832983
1,1,0,1,1,69,16000,jewish,0,0,1,1,17.67245293,15.51095009
1,0,1,0,0,55,3000,jewish,0,0,0,0,2.846446037,-3.069532514
1,0,1,0,1,78,3000,jewish,1,0,0,0,7.463582754,8.124992847
1,1,1,0,0,41,24000,jewish,0,1,1,1,5.746171474,6.310444474
0,0,0,0,0,43,16000,jewish,1,1,1,1,9.807295799,8.128044009
1,1,0,0,0,46,16000,jewish,0,0,0,0,0.58477439,1.448331326
1,1,1,0,0,41,12000,jewish,0,0,0,1,8.148495555,6.310444474
1,1,0,0,0,26,3000,jewish,1,0,0,0,-10.89941859,-10.10818958
1,1,1,0,1,70,16000,jewish,0,1,0,1,3.507929146,8.483936787
1,1,0,0,1,55,12000,jewish,1,0,0,0,3.206493258,6.130972505
0,0,0,0,1,61,8000,jewish,1,0,0,0,0.839350596,3.783549964
1,1,1,0,1,57,16000,jewish,0,1,0,0,8.148495555,10.8252573
1,1,1,0,0,33,3000,no religion,0,1,1,1,17.67245293,10.8252573
1,1,1,0,1,34,3000,jewish,0,0,0,0,-10.89941859,-10.10818958
1,1,1,0,0,25,8000,jewish,1,0,0,1,-10.89941859,-10.10818958
1,0,0,0,0,38,8000,jewish,1,1,0,0,-8.579135537,-5.425547957
1,1,0,0,0,24,3000,jewish,1,0,0,0,-6.258852482,-5.425547957
1,1,0,0,0,35,12000,jewish,1,0,0,0,0.643385872,4.133901596
1,1,1,0,0,46,12000,jewish,0,1,1,1,17.67245293,18.03174257
1,0,0,1,1,31,16000,jewish,1,1,1,1,15.35216928,-0.725160912
0,0,0,0,0,42,12000,jewish,1,0,0,1,5.8282125,3.96912396
1,1,1,0,1,44,12000,jewish,0,1,0,0,12.42901444,-3.416832983
1,1,1,0,0,23,3000,jewish,1,0,0,0,-6.258852482,-5.425547957
0,0,0,0,0,26,3000,jewish,1,0,0,0,-1.758938581,-10.10818958
1,1,0,1,0,24,12000,jewish,1,0,0,0,1.164216176,1.624752581
0,0,0,0,0,27,12000,no religion,1,0,1,NA,13.03188682,NA
1,1,0,0,0,18,16000,jewish,0,0,1,1,0.944821537,6.130972505
1,1,0,1,0,29,8000,jewish,0,1,0,0,8.36789012,3.974666297
0,0,0,0,0,40,16000,jewish,1,1,0,0,-4.102651477,NA
0,0,0,0,1,39,8000,jewish,0,0,0,0,-3.99718076,-10.10818958
0,0,0,0,0,35,3000,jewish,0,0,0,0,-10.89941859,-7.934696674
1,1,0,1,0,20,3000,jewish,1,0,0,0,5.225340724,-7.766868472
1,1,0,1,0,27,3000,jewish,0,0,0,0,-10.89941859,-10.10818958
1,1,0,1,0,28,NA,jewish,0,1,1,NA,-1.735508889,NA
1,0,0,1,0,30,8000,jewish,0,1,0,0,1.058745384,-0.896040201
1,1,0,1,0,56,8000,jewish,0,0,0,0,-8.579135537,-3.084227145
0,0,0,0,0,36,8000,jewish,0,0,0,0,0.537914932,-3.252055645
1,1,0,0,0,49,16000,jewish,0,1,0,0,3.010528386,1.268859208
1,1,1,0,0,26,12000,jewish,1,0,0,0,-10.89941859,-10.10818958
1,1,1,0,0,26,3000,jewish,1,1,1,0,-1.782368422,3.786600828
1,0,0,0,0,65,12000,jewish,0,0,0,1,-1.562973559,1.101030856
1,0,0,1,0,48,12000,jewish,1,0,0,0,-4.102651477,-5.761204958
1,0,0,1,0,53,16000,jewish,0,1,1,1,13.00845623,13.16962957
1,1,0,1,0,49,12000,jewish,1,0,0,1,-4.079221785,1.268859208
1,1,0,0,0,21,3000,jewish,1,0,0,0,-10.89941859,-10.10818958
1,1,0,0,0,35,12000,jewish,1,0,0,0,-10.89941859,-10.10818958
1,1,1,0,0,26,12000,jewish,1,0,0,0,1.026862711,-10.10818958
1,0,1,0,0,29,8000,jewish,1,0,0,0,-10.89941859,-10.10818958
1,1,1,0,0,35,12000,jewish,1,0,0,0,3.206493258,3.78965199
1,0,1,0,0,40,16000,jewish,1,0,0,1,8.125066161,13.16657782
1,1,0,0,0,35,24000,jewish,1,1,1,1,12.73045063,13.16962957
1,1,1,0,0,43,12000,jewish,1,1,0,1,8.06645453,8.651765585
1,1,0,1,0,39,16000,jewish,0,1,0,0,5.8282125,6.310444474
1,1,1,0,0,52,12000,jewish,0,0,0,0,13.03188682,6.310444474
1,1,0,0,0,26,3000,jewish,0,0,0,NA,10.38673759,NA
1,1,1,0,0,30,12000,jewish,1,0,0,0,-1.375461668,-10.10818958
1,1,0,1,0,24,8000,jewish,0,0,0,0,-6.258852482,-0.739855468
0,0,0,0,1,40,16000,jewish,0,1,0,0,7.76501894,8.475344181
1,1,0,1,0,24,3000,jewish,0,0,0,0,-1.676897407,-0.907684043
1,0,0,1,1,39,16000,jewish,0,1,1,1,8.148495555,15.69042206
1,1,0,1,0,66,12000,jewish,0,1,1,1,3.124452233,12.9901576
1,1,0,1,0,20,3000,jewish,0,0,0,0,-10.89941859,-10.10818958
1,1,0,0,0,34,12000,jewish,0,0,0,0,-1.735508889,3.621823788
0,0,0,0,0,37,16000,jewish,0,0,0,0,-10.89941859,-10.10818958
1,0,0,1,0,29,8000,no religion,1,0,0,0,-4.079221785,-7.766868472
1,1,0,1,1,56,12000,jewish,1,0,0,1,10.71160316,NA
1,1,1,0,0,40,24000,jewish,0,1,0,0,7.76501894,8.304464817
1,0,0,1,0,26,3000,jewish,1,0,0,0,-10.89941859,-10.10818958
1,1,0,0,1,38,12000,jewish,0,0,0,0,0.862780437,3.96912396
1,1,0,1,1,76,12000,jewish,0,1,1,1,17.67245293,18.03174257
0,0,0,0,1,36,24000,jewish,0,1,1,1,0.886210129,8.486988544
1,1,0,1,0,47,12000,jewish,0,1,0,0,-6.422934532,-5.761204958
1,1,0,0,0,38,12000,jewish,1,1,0,1,13.03188682,18.03174257
0,0,0,0,1,55,12000,jewish,1,1,0,1,0.455873758,8.651765585
1,1,1,0,1,48,3000,jewish,1,1,0,1,8.148495555,15.69042206
1,1,0,1,1,62,16000,jewish,0,0,0,0,-1.562973559,8.651765585
1,1,0,0,1,37,12000,jewish,0,1,1,1,15.35216928,13.34910154
1,1,0,0,1,34,12000,jewish,0,1,0,0,-8.579135537,-7.766868472
1,1,0,1,1,30,8000,jewish,0,0,0,0,-1.480932534,-5.761204958
0,0,0,0,0,63,3000,jewish,0,0,1,0,15.35216928,18.03174257
0,0,0,0,1,36,16000,jewish,0,1,0,0,-1.375461668,-5.590324998
1,1,0,0,0,28,16000,jewish,1,0,0,1,1.269687116,4.13695246
0,0,0,0,0,26,NA,jewish,1,0,0,0,3.206493258,3.44235152
1,1,0,0,1,47,12000,jewish,0,1,0,0,-10.89941859,-10.10818958
1,1,0,0,1,27,12000,jewish,1,0,0,0,2.799586654,-5.59337616
1,1,0,1,1,26,12000,jewish,0,0,0,0,-4.079221785,1.445280463
1,0,0,0,0,38,3000,jewish,0,0,0,1,7.76501894,5.966195464
0,0,0,0,1,32,12000,jewish,1,1,0,0,-3.99718076,NA
0,0,0,0,0,68,16000,jewish,0,1,1,1,17.67245293,18.03174257
1,1,0,0,0,22,16000,jewish,0,0,0,0,-10.89941859,-10.10818958
1,0,0,1,0,23,3000,jewish,0,0,0,0,-10.89941859,-10.10818958
1,1,0,1,0,52,24000,jewish,0,1,0,0,-4.079221785,-5.59337616
0,0,0,0,0,22,12000,jewish,1,0,0,0,-10.89941859,-10.10818958
1,0,1,0,0,31,8000,jewish,1,0,0,0,-10.89941859,-10.10818958
1,1,0,1,1,24,24000,jewish,0,0,0,0,-4.079221785,-3.416832983
0,0,0,0,0,35,12000,jewish,1,1,1,0,-8.661177158,-10.10818958
1,1,1,0,0,30,3000,jewish,0,1,0,0,-4.020610452,-0.910735056
1,1,0,0,0,68,16000,jewish,1,0,0,0,2.846446037,-1.072461456
1,1,1,0,0,43,12000,jewish,0,0,0,1,7.76501894,6.142616272
1,1,0,0,0,35,8000,christian,0,0,1,1,8.148495555,8.651765585
1,1,1,0,0,51,12000,jewish,1,0,0,0,5.119870305,1.265808195
1,1,0,1,0,30,3000,jewish,0,0,1,1,5.746171474,8.651765585
1,1,1,0,0,22,3000,jewish,1,0,0,0,-8.661177158,-10.10818958
1,1,0,1,1,61,16000,jewish,0,1,0,0,3.183063567,1.265808195
0,0,0,0,0,86,12000,jewish,1,0,0,0,17.67245293,18.03174257
0,0,0,0,0,33,3000,other,1,0,0,0,-4.079221785,1.445280463
1,1,0,1,1,24,24000,jewish,0,0,0,0,-1.179496795,6.307393909
1,1,0,1,0,27,3000,jewish,0,0,0,1,10.46877861,8.651765585
1,1,0,0,1,26,3000,jewish,0,0,0,1,3.891406059,8.834289312
0,0,0,0,1,64,12000,jewish,1,0,0,0,-10.89941859,-3.069532514
1,1,0,0,0,27,12000,jewish,0,0,0,1,0.58477439,1.448331326
0,0,0,0,0,52,12000,jewish,1,1,0,0,-6.422934532,-7.934696674
1,1,0,1,0,52,12000,jewish,0,1,0,1,3.507929146,3.96912396
0,0,0,0,0,21,3000,jewish,1,0,0,0,-6.340893507,-5.41390419
0,0,0,0,0,40,3000,jewish,0,0,0,0,12.42901444,8.307515979
1,1,1,0,1,30,16000,jewish,1,1,1,1,10.38673759,18.03174257
0,0,0,0,0,28,3000,jewish,1,0,0,0,-3.915139735,-5.425547957
1,1,1,0,0,27,3000,jewish,1,0,0,0,-10.89941859,-10.10818958
1,1,0,1,0,23,3000,jewish,1,0,0,0,-3.938569427,-0.383962244
1,1,0,1,0,28,3000,jewish,1,0,0,0,-10.89941859,NA
1,1,0,1,0,41,12000,jewish,0,0,0,1,15.05073428,18.03174257
0,0,0,0,0,52,8000,jewish,1,0,0,0,1.164216176,-0.907684043
1,1,1,0,0,21,3000,jewish,1,0,0,0,-10.89941859,-10.10818958
0,0,0,0,1,33,12000,jewish,1,1,0,0,-10.89941859,-10.10818958
0,0,0,0,0,27,12000,jewish,1,0,0,0,0.921391919,-5.425547957
0,0,0,0,1,30,16000,jewish,0,1,0,0,7.487012744,8.128044009
0,0,0,0,1,31,12000,jewish,0,1,0,0,-1.782368422,NA
1,1,0,0,1,56,12000,jewish,0,1,1,1,15.35216928,13.34910154
1,0,1,0,1,24,12000,jewish,0,0,0,0,0.561344549,-0.907684043
1,1,1,0,1,41,8000,jewish,0,1,0,1,-10.89941859,-10.10818958
1,1,1,0,0,35,16000,jewish,1,1,0,0,0.561344549,-1.246391758
1,1,0,1,0,22,8000,jewish,1,0,1,1,5.8282125,5.963144302
1,1,1,0,0,27,8000,jewish,0,0,0,0,3.844546676,8.828186989
1,0,0,1,1,42,12000,jewish,0,0,0,0,10.38673759,8.651765585
1,1,0,0,0,32,12000,jewish,1,1,0,0,-6.422934532,-10.10818958
0,0,0,0,0,31,12000,jewish,0,0,0,0,-6.422934532,-10.10818958
1,1,1,0,1,41,3000,jewish,1,1,0,0,-3.99718076,-10.10818958
0,0,0,0,0,21,24000,jewish,0,1,0,0,-3.938569427,-3.252055645
0,0,0,0,0,44,8000,jewish,1,0,1,1,2.799586654,NA
1,1,0,0,0,21,3000,jewish,0,0,0,0,-10.89941859,-10.10818958
0,0,0,0,1,38,8000,jewish,0,0,0,0,-10.89941859,-10.10818958
1,1,0,0,0,54,8000,jewish,0,0,0,0,8.148495555,8.651765585
1,0,0,1,0,30,12000,jewish,1,0,0,0,-6.317464113,-5.590324998
1,1,0,1,0,45,3000,jewish,0,0,0,0,0.862780437,-3.416832983
1,1,1,0,1,80,16000,jewish,0,1,0,0,7.788448334,-1.072461456
1,1,1,0,1,32,12000,jewish,0,0,0,0,3.56654048,-7.934696674
1,1,0,1,0,33,12000,jewish,0,0,0,1,-1.398891509,-5.425547957
1,1,0,0,1,27,12000,jewish,0,0,0,1,12.70702124,6.310444474
1,1,1,0,0,26,16000,jewish,1,0,0,0,-3.99718076,-5.590324998
0,0,0,0,1,32,8000,jewish,0,1,0,0,2.905057669,-1.075512394
1,1,1,0,1,30,12000,jewish,1,1,0,0,-4.020610452,-3.084227145
1,1,0,0,1,40,16000,jewish,1,1,0,1,8.426501751,6.486866474
1,1,1,0,0,58,12000,jewish,1,0,1,1,5.444735289,-3.416832983
1,1,0,1,0,26,8000,jewish,1,0,0,0,-8.277699947,-7.934696674
0,0,0,0,1,38,16000,jewish,0,1,0,0,5.166729689,5.966195464
1,0,1,0,0,29,8000,jewish,0,1,0,0,5.526776314,18.03174257
1,1,1,0,1,27,3000,jewish,0,0,0,0,-8.661177158,-10.10818958
1,1,0,0,0,30,3000,jewish,0,0,0,0,-10.89941859,-10.10818958
0,0,0,0,0,25,3000,jewish,0,0,0,0,-10.89941859,-10.10818958
1,0,0,1,0,43,12000,jewish,0,1,0,0,-8.661177158,NA
1,0,1,0,0,26,24000,jewish,0,0,0,0,-3.973751068,8.654816747
1,1,0,1,0,34,8000,jewish,1,1,0,1,0.862780437,8.651765585
0,0,0,0,1,54,12000,jewish,0,0,0,0,-6.422934532,-5.761204958
1,1,0,0,0,35,3000,jewish,1,0,1,1,10.38673759,10.8252573
1,1,0,1,1,28,3000,jewish,1,1,0,0,-8.661177158,-3.084227145
1,1,0,1,0,27,3000,jewish,1,0,0,0,-10.89941859,-10.10818958
1,1,0,1,0,35,12000,jewish,0,0,0,0,-10.89941859,-10.10818958
1,1,1,0,0,24,24000,jewish,1,0,0,0,3.56654048,1.274401098
1,1,0,1,1,57,12000,jewish,0,1,0,0,3.507929146,1.624752581
1,1,0,1,1,33,16000,jewish,1,0,1,1,-6.422934532,1.097979918
1,1,1,0,0,24,3000,jewish,0,0,0,0,0.537914932,1.265808195
0,0,0,0,0,38,12000,jewish,0,0,0,0,-3.938569427,-10.10818958
1,1,1,0,0,42,24000,jewish,0,1,0,1,15.35216928,18.03174257
1,1,0,1,0,30,8000,jewish,0,0,0,0,-1.758938581,-1.078563482
1,0,0,1,0,22,3000,jewish,1,0,0,0,0.862780437,1.445280463
0,0,0,0,0,24,8000,jewish,1,1,0,0,-10.89941859,-10.10818958
0,0,0,0,1,36,16000,jewish,0,0,0,1,17.67245293,15.69042206
1,1,1,0,0,43,12000,jewish,1,0,0,0,0.58477439,8.651765585
1,0,0,1,0,65,8000,jewish,1,0,1,1,3.101022542,8.651765585
1,1,0,0,0,22,3000,jewish,1,0,0,0,-6.235423088,-5.425547957
1,1,1,0,0,22,3000,jewish,0,0,0,0,-8.661177158,-10.10818958
1,1,0,0,0,37,3000,jewish,1,0,0,0,-10.89941859,-10.10818958
1,1,0,1,0,37,12000,jewish,0,0,0,0,-10.89941859,-10.10818958
1,1,1,0,0,21,8000,jewish,1,0,0,0,0.561344549,1.613108665
1,1,1,0,0,35,12000,jewish,0,0,0,0,-6.422934532,-3.416832983
0,0,0,0,0,28,8000,jewish,1,0,0,0,-1.782368422,-10.10818958
1,1,1,0,1,19,3000,jewish,0,0,0,0,-10.89941859,-10.10818958
1,1,0,1,0,21,8000,jewish,1,0,0,1,-6.422934532,-0.896040201
1,1,1,0,0,35,12000,jewish,0,0,0,0,-1.735508889,-3.416832983
1,1,0,1,0,48,8000,jewish,1,1,0,0,-1.375461668,-5.761204958
0,0,0,0,0,47,16000,jewish,0,1,0,0,-10.89941859,-10.10818958
1,1,1,0,0,47,12000,jewish,0,0,0,0,-1.735508889,1.265808195
1,1,0,1,0,46,8000,jewish,1,0,0,NA,-1.782368422,NA
0,0,0,0,0,26,8000,jewish,0,0,0,1,10.08530259,10.64578533
1,0,0,1,0,28,8000,jewish,0,0,0,0,-3.938569427,-1.072461456
0,0,0,0,0,24,16000,jewish,1,0,0,0,-1.735508889,-1.072461456
1,0,0,1,0,54,8000,jewish,1,0,0,0,0.862780437,6.307393909
0,0,0,0,0,27,NA,jewish,0,0,0,0,-10.89941859,-7.934696674
0,0,0,0,0,41,8000,jewish,1,0,0,0,3.183063567,-1.078563482
1,1,1,0,0,28,12000,jewish,1,1,1,1,5.8282125,6.310444474
0,0,0,0,0,56,24000,jewish,0,1,0,0,3.507929146,3.966073096
1,1,1,0,0,55,3000,jewish,1,0,0,1,5.225340724,-7.766868472
1,1,1,0,0,22,8000,jewish,1,0,0,0,-8.579135537,11.00778103
1,1,0,1,0,47,16000,jewish,0,1,0,0,-10.89941859,-2.545810342
1,1,1,0,0,62,16000,jewish,0,0,0,0,-1.480932534,-5.59337616
0,0,0,0,0,38,12000,jewish,1,1,1,0,-6.258852482,-5.425547957
1,1,0,1,0,25,8000,jewish,0,0,0,0,-10.89941859,-10.10818958
1,1,0,1,1,42,12000,jewish,0,1,0,0,-6.258852482,-10.10818958
1,1,1,0,0,51,12000,jewish,1,0,0,0,3.206493258,3.78965199
1,1,0,0,1,26,12000,jewish,1,0,0,1,-6.340893507,1.268859208
0,0,0,0,0,62,12000,jewish,1,0,0,0,-10.89941859,-10.10818958
0,0,0,0,1,23,3000,jewish,0,1,0,0,-10.89941859,-10.10818958
1,1,0,1,0,31,3000,jewish,0,1,0,0,0.780739337,3.96912396
0,0,0,0,0,34,16000,jewish,0,0,0,0,5.781353116,8.648714423
1,1,0,1,0,25,12000,jewish,1,0,1,0,0.839350596,NA
1,0,1,0,1,63,24000,jewish,1,1,0,1,10.19077301,6.130972505
1,1,0,1,0,63,3000,jewish,1,0,0,0,10.41016698,18.03174257
0,0,0,0,0,42,3000,jewish,1,0,0,0,-10.89941859,-10.10818958
0,0,0,0,0,25,3000,jewish,1,0,1,1,0.862780437,3.44235152
1,1,1,0,0,23,12000,jewish,1,0,0,0,-6.340893507,1.433636546
1,0,1,0,1,63,16000,jewish,0,0,0,1,10.71160316,13.34910154
1,1,0,0,1,24,3000,jewish,1,0,0,1,7.76501894,3.78965199
0,0,0,0,1,29,12000,jewish,0,0,0,0,13.11392784,13.51693034
1,1,1,0,0,52,16000,jewish,1,0,0,1,0.537914932,6.127921343
0,0,0,0,0,23,3000,jewish,1,0,0,0,-10.89941859,-10.10818958
1,1,1,0,0,26,16000,jewish,0,0,0,1,8.148495555,18.03174257
1,1,0,1,1,22,3000,jewish,0,1,0,0,-10.89941859,-10.10818958
1,0,1,0,0,33,16000,jewish,1,1,0,0,5.225340724,-3.249004483
1,1,0,1,0,24,16000,jewish,1,0,0,0,-1.676897407,-0.907684043
1,1,0,0,1,38,24000,jewish,0,1,0,0,12.42901444,10.64883709
1,1,0,1,1,57,3000,jewish,1,0,0,0,0.862780437,-0.72821185
1,1,1,0,0,37,16000,jewish,1,1,1,1,12.73045063,10.82830906
1,1,0,1,0,22,12000,jewish,1,0,0,0,-10.89941859,-10.10818958
1,1,1,0,0,30,12000,jewish,1,0,0,0,-4.079221785,-5.425547957
0,0,0,0,0,57,8000,jewish,0,0,0,0,-10.89941859,NA
0,0,0,0,0,34,12000,jewish,1,0,0,0,5.526776314,-0.904633105
1,1,0,1,0,37,3000,jewish,1,0,0,0,3.183063567,6.130972505
0,0,0,0,0,23,8000,jewish,0,0,0,0,0.58477439,-3.245953619
0,0,0,0,0,58,8000,jewish,1,0,0,0,-1.735508889,-3.084227145
0,0,0,0,0,59,8000,jewish,1,0,0,0,-1.700327098,-10.10818958
1,1,1,0,0,48,3000,jewish,1,0,0,0,3.183063567,1.445280463
1,0,0,1,1,36,8000,jewish,1,1,0,0,-3.695744872,3.96912396
0,0,0,0,0,24,12000,jewish,1,0,0,0,-10.89941859,-10.10818958
1,1,1,0,0,49,16000,jewish,1,1,0,0,0.455873758,-5.761204958
1,1,1,0,0,57,3000,jewish,0,0,0,1,8.148495555,-0.72821185
0,0,0,0,0,24,3000,jewish,1,0,1,1,5.421305895,10.8252573
1,1,0,1,0,46,8000,jewish,1,0,0,1,8.125066161,8.480886221
0,0,0,0,0,24,NA,jewish,1,0,0,0,-10.89941859,-0.72821185
1,1,0,1,1,69,3000,jewish,1,0,0,0,-6.422934532,-1.075512394
1,1,1,0,0,33,3000,jewish,0,1,0,0,-10.89941859,-3.084227145
1,1,0,0,0,22,12000,jewish,0,0,1,0,-10.89941859,-10.10818958
0,0,0,0,0,48,16000,jewish,1,0,0,0,-1.700327098,-10.10818958
1,1,0,0,0,25,12000,jewish,0,0,0,0,-4.020610452,-5.59337616
1,1,1,0,0,50,8000,jewish,0,0,0,0,-10.89941859,-10.10818958
0,0,0,0,1,32,12000,jewish,0,1,0,1,2.799586654,6.130972505
1,1,0,0,1,22,3000,jewish,1,0,0,0,0.608204007,-3.069532514
1,1,0,1,0,20,3000,jewish,0,0,0,0,-4.102651477,1.265808195
1,0,1,0,1,71,8000,jewish,1,0,0,0,3.206493258,1.448331326
1,1,1,0,1,33,12000,jewish,0,0,0,0,-3.938569427,-5.425547957
1,1,0,1,0,24,3000,jewish,1,0,0,1,1.164216176,3.966073096
1,0,1,0,0,35,8000,jewish,1,0,0,0,0.643385872,1.433636546
1,1,0,1,1,35,16000,jewish,0,1,1,1,17.67245293,18.03174257
1,0,0,1,0,23,12000,no religion,1,0,1,1,-1.457502842,-10.10818958
1,1,1,0,0,64,12000,jewish,1,1,0,1,-4.102651477,3.610179722
1,0,0,1,0,25,8000,jewish,1,0,0,NA,-10.89941859,NA
1,1,0,1,0,39,24000,jewish,0,0,0,0,0.886210129,13.16657782
0,0,0,0,0,25,12000,jewish,0,0,0,0,-10.89941859,-10.10818958
1,1,1,0,0,25,3000,jewish,0,0,0,0,-10.89941859,-3.084227145
1,0,0,1,1,74,8000,jewish,0,1,0,0,-10.89941859,-10.10818958
1,1,1,0,1,48,12000,jewish,1,1,0,0,-1.735508889,-3.416832983
1,1,0,1,0,44,8000,jewish,1,0,0,0,-8.661177158,-10.10818958
1,1,1,0,0,21,8000,jewish,1,0,0,0,-10.89941859,-5.425547957
0,0,0,0,0,24,NA,jewish,1,0,0,1,-4.184692502,-10.10818958
1,1,1,0,0,27,3000,jewish,1,0,0,0,-5.655981302,-7.934696674
1,1,0,1,0,26,NA,jewish,1,0,1,1,12.73045063,15.69042206
1,1,0,1,0,38,16000,jewish,1,0,0,0,-1.398891509,-3.416832983
1,0,0,1,1,47,16000,jewish,0,0,0,0,-8.661177158,-10.10818958
1,0,0,1,0,36,12000,jewish,1,1,0,1,5.80478251,3.966073096
0,0,0,0,0,36,24000,jewish,1,0,0,0,-8.579135537,1.613108665
1,1,0,0,0,36,16000,jewish,0,0,0,0,-6.258852482,-3.252055645
0,0,0,0,0,32,12000,jewish,0,1,0,NA,0.886210129,NA
0,0,0,0,0,21,3000,jewish,1,0,0,0,-10.89941859,-10.10818958
1,1,0,0,1,33,12000,jewish,0,0,0,0,-4.184692502,3.957480192
1,1,1,0,1,28,3000,jewish,0,0,0,0,-10.89941859,-10.10818958
0,0,0,0,0,46,12000,jewish,1,1,1,1,17.67245293,18.03174257
1,0,1,0,0,23,3000,jewish,0,0,0,1,8.08988452,6.142616272
1,1,0,1,0,26,3000,jewish,0,0,0,0,-1.179496795,3.96912396
1,1,1,0,1,47,12000,jewish,1,0,0,0,2.799586654,5.780621171
0,0,0,0,0,24,8000,jewish,1,0,0,1,0.455873758,1.094928831
1,1,1,0,1,34,8000,jewish,0,0,0,0,-3.938569427,-3.084227145
1,1,1,0,0,21,12000,jewish,0,0,0,1,-3.695744872,8.654816747
0,0,0,0,0,47,8000,jewish,1,1,1,1,-1.735508889,-10.10818958
1,1,0,1,0,46,3000,jewish,0,0,0,0,3.183063567,6.130972505
1,1,0,1,0,30,12000,jewish,1,0,0,0,-10.89941859,-5.59337616
0,0,0,0,1,31,12000,jewish,0,0,0,1,-10.89941859,-10.10818958
0,0,0,0,0,37,3000,jewish,1,1,0,0,5.8282125,8.651765585
0,0,0,0,1,32,12000,jewish,1,1,0,0,-3.938569427,-5.425547957
1,1,1,0,1,40,12000,jewish,1,1,0,0,0.537914932,1.265808195
1,1,1,0,0,35,3000,jewish,0,0,0,0,-6.258852482,-7.766868472
0,0,0,0,1,47,12000,jewish,0,1,0,0,0.886210129,3.78965199
1,1,0,1,1,48,12000,jewish,0,0,0,0,-4.020610452,-7.766868472
0,0,0,0,0,56,3000,jewish,1,0,0,0,-8.661177158,-10.10818958
1,1,0,1,0,22,3000,jewish,1,0,0,0,-6.235423088,NA
0,0,0,0,0,57,16000,jewish,1,1,0,1,12.73045063,10.8252573
1,1,0,1,0,32,3000,jewish,1,1,0,0,-1.735508889,NA
1,1,0,1,1,41,12000,jewish,1,1,0,0,7.76501894,10.64883709
1,1,0,0,0,27,3000,jewish,1,0,0,0,-10.89941859,-7.766868472
1,1,1,0,0,25,3000,jewish,1,1,0,0,-10.89941859,-10.10818958
1,1,0,1,1,58,8000,jewish,1,0,0,0,5.444735289,8.651765585
1,1,0,1,0,35,3000,jewish,0,0,1,0,-1.840979755,8.660358787
1,1,0,1,1,28,3000,jewish,0,1,1,1,2.987098694,1.604516059
1,1,0,0,1,39,24000,jewish,0,0,0,0,-10.89941859,-10.10818958
1,0,0,1,0,25,NA,jewish,0,0,0,1,8.344460726,18.03174257
1,1,0,1,0,23,3000,jewish,0,0,0,0,-10.89941859,-10.10818958
1,1,0,0,0,59,16000,jewish,1,1,1,1,-1.398891509,1.268859208
1,1,1,0,0,24,NA,jewish,1,0,0,0,0.479303598,1.445280463
1,1,0,1,0,24,3000,jewish,0,0,0,1,8.06645453,13.34910154
1,1,1,0,0,24,8000,jewish,1,0,0,0,-3.801215887,-10.10818958
1,1,1,0,1,29,3000,jewish,0,0,0,0,-1.782368422,-3.252055645
0,0,0,0,1,30,12000,no religion,0,0,0,0,-4.102651477,1.445280463
1,1,0,1,0,36,16000,jewish,0,1,0,0,-10.89941859,-10.10818958
0,0,0,0,1,27,12000,jewish,0,0,0,0,-1.735508889,5.963144302
1,0,1,0,0,24,3000,jewish,1,0,1,1,10.41016698,3.78965199
1,1,0,1,1,26,3000,jewish,1,0,0,1,5.143299699,8.304464817
1,0,1,0,1,30,16000,jewish,1,1,0,0,-8.579135537,-7.766868472
1,1,1,0,0,21,12000,jewish,1,0,0,0,-10.89941859,-10.10818958
1,1,0,1,0,21,NA,jewish,1,0,0,0,-10.89941859,-5.419445634
1,1,1,0,0,21,12000,jewish,0,0,0,0,0.537914932,-7.934696674
1,1,0,0,0,31,16000,jewish,1,1,0,1,8.148495555,6.307393909
1,1,0,1,0,20,12000,jewish,1,0,0,0,-10.89941859,1.101030856
1,1,1,0,1,25,16000,jewish,1,0,0,0,-10.89941859,-10.10818958
1,0,0,0,0,44,12000,jewish,1,0,0,0,9.807295799,5.951500535
1,0,1,0,0,19,NA,jewish,1,0,0,0,-8.661177158,-3.245953619
1,1,1,0,0,37,8000,jewish,1,1,0,0,-10.89941859,-10.10818958
1,1,0,1,0,23,3000,jewish,1,0,0,0,-3.891709745,-0.736804605
1,1,0,0,0,55,16000,jewish,1,0,0,0,-6.340893507,-10.10818958
1,1,1,0,0,27,12000,jewish,1,0,0,1,1.246257424,6.310444474
1,1,0,1,0,41,8000,jewish,1,1,0,0,-4.079221785,-3.252055645
1,1,0,0,0,21,NA,jewish,1,0,0,0,-6.258852482,-5.425547957
1,1,0,1,0,27,3000,jewish,1,0,0,0,-6.258852482,-7.766868472
1,1,0,1,1,25,8000,jewish,0,0,0,1,2.77615726,3.436249495
1,1,0,1,1,34,24000,jewish,0,0,0,0,10.71160316,15.69042206
0,0,0,0,0,61,12000,jewish,0,0,0,0,-4.079221785,-7.934696674
1,1,1,0,0,30,3000,jewish,0,0,1,1,3.206493258,3.621823788
1,1,0,1,0,25,3000,jewish,1,0,1,1,0.561344549,1.265808195
1,0,0,1,1,24,8000,jewish,0,0,0,NA,5.421305895,NA
1,1,0,1,0,49,12000,jewish,0,1,1,1,12.73045063,13.16962957
1,1,0,1,1,66,12000,jewish,1,0,0,0,-1.375461668,-0.72821185
0,0,0,0,0,46,12000,jewish,0,1,0,0,10.41016698,8.307515979
0,0,0,0,1,22,3000,jewish,0,1,0,0,-6.211993098,-0.72821185
1,1,0,0,0,33,8000,jewish,1,1,1,1,5.8282125,11.00473046
0,0,0,0,1,33,12000,jewish,0,0,0,0,-6.422934532,-10.10818958
1,1,1,0,0,36,12000,jewish,1,0,0,1,-4.079221785,-3.416832983
1,1,0,1,1,41,16000,jewish,0,1,0,0,-10.89941859,-10.10818958
1,1,1,0,0,35,8000,jewish,1,0,0,0,-6.258852482,-10.10818958
1,0,0,0,0,24,3000,jewish,1,0,0,NA,-8.661177158,NA
1,0,1,0,0,46,16000,jewish,1,0,0,0,-3.99718076,-10.10818958
0,0,0,0,0,39,12000,jewish,0,1,0,0,3.206493258,-10.10818958
1,1,0,1,1,22,3000,jewish,0,1,0,0,-1.782368422,-5.761204958
0,0,0,0,1,37,24000,jewish,0,1,0,1,8.148495555,10.8252573
1,1,0,1,0,32,8000,jewish,0,1,0,0,5.8282125,5.963144302
0,0,0,0,0,22,3000,jewish,0,0,0,0,-6.422934532,-3.416832983
1,0,0,0,1,67,16000,jewish,0,0,0,0,-1.840979755,-3.587712348
1,1,0,1,0,49,16000,jewish,1,1,0,0,-1.782368422,1.448331326
1,1,0,1,0,31,8000,jewish,0,0,0,0,-3.938569427,-3.084227145
0,0,0,0,0,24,8000,jewish,1,0,0,0,1.058745384,1.448331326
1,0,0,1,0,45,12000,jewish,1,1,0,1,-3.938569427,1.433636546
0,0,0,0,1,55,12000,jewish,1,1,0,0,5.421305895,-3.419884145
0,0,0,0,0,30,8000,jewish,1,0,0,0,-6.235423088,-10.10818958
0,0,0,0,0,44,24000,jewish,0,1,0,0,12.70702124,13.16657782
1,1,0,1,1,44,16000,jewish,0,1,0,0,5.526776314,-0.72821185
1,1,0,0,0,25,8000,jewish,0,0,0,0,-10.89941859,-10.10818958
1,1,0,1,1,31,12000,jewish,0,0,0,0,-6.317464113,-10.10818958
1,1,0,0,1,35,12000,jewish,1,0,1,1,-1.457502842,3.786600828
0,0,0,0,0,23,3000,jewish,1,0,0,0,-10.89941859,-7.766868472
1,1,0,0,0,25,12000,jewish,1,0,0,0,-6.422934532,-5.761204958
1,0,1,0,0,38,8000,jewish,1,0,0,0,-8.579135537,-10.10818958
1,0,0,0,0,31,8000,jewish,0,1,0,0,-10.89941859,-10.10818958
1,1,0,1,0,50,12000,jewish,1,0,0,0,-10.89941859,-10.10818958
1,1,1,0,0,31,16000,jewish,0,0,0,0,-10.89941859,-10.10818958
1,1,0,1,1,64,12000,jewish,0,0,0,0,-1.375461668,8.651765585
1,1,0,1,0,27,8000,jewish,0,0,1,1,3.124452233,6.142616272
1,0,0,1,1,36,3000,jewish,1,1,1,0,-10.89941859,-10.10818958
1,1,0,1,0,30,12000,jewish,1,1,0,0,7.847059965,8.472293019
1,0,1,0,0,48,8000,jewish,0,0,0,0,-1.700327098,-10.10818958
1,0,1,0,0,46,12000,jewish,1,1,0,1,-1.630038023,-0.72821185
0,0,0,0,0,51,12000,jewish,1,0,0,0,0.537914932,6.307393909
0,0,0,0,0,31,12000,jewish,0,1,0,0,-10.89941859,-10.10818958
0,0,0,0,1,53,16000,jewish,0,1,0,1,3.124452233,5.963144302
1,0,0,0,0,23,12000,jewish,1,0,0,0,-1.700327098,-5.425547957
1,1,0,1,1,30,3000,jewish,0,0,0,0,2.846446037,1.262757182
1,1,1,0,1,50,16000,jewish,1,1,0,0,-3.99718076,1.613108665
1,1,1,0,0,54,8000,jewish,1,1,1,1,10.38673759,10.8252573
1,0,1,0,1,46,12000,jewish,0,1,0,0,-10.89941859,-10.10818958
1,1,0,1,0,37,16000,jewish,1,1,1,1,0.862780437,-0.72821185
1,1,0,0,0,41,8000,jewish,0,0,0,0,-10.89941859,-10.10818958
0,0,0,0,0,37,12000,jewish,1,0,0,0,0.862780437,-10.10818958
1,1,0,0,1,36,16000,jewish,0,1,0,1,10.38673759,8.480886221
1,1,0,1,0,30,NA,jewish,1,0,0,0,-4.184692502,-10.10818958
1,1,0,1,1,70,12000,jewish,0,1,1,1,12.73045063,8.483936787
0,0,0,0,1,46,16000,jewish,0,1,0,0,-1.457502842,3.786600828
1,1,0,1,1,56,8000,jewish,0,0,0,0,-10.89941859,-10.10818958
1,1,0,0,1,29,12000,jewish,1,1,0,0,-10.89941859,-10.10818958
0,0,0,0,0,23,12000,jewish,0,1,1,1,-1.375461668,-5.590324998
1,1,0,0,1,43,12000,jewish,0,1,0,1,2.881627977,1.448331326
1,0,1,0,0,24,3000,jewish,1,0,0,NA,0.944821537,NA
1,1,1,0,0,39,12000,jewish,1,1,0,0,0.537914932,-3.252055645
0,0,0,0,1,25,8000,jewish,1,0,0,0,-10.89941859,-10.10818958
0,0,0,0,0,30,16000,jewish,0,0,1,1,2.905057669,6.307393909
1,0,0,1,0,28,3000,jewish,0,0,0,0,-3.938569427,-10.10818958
1,1,0,0,0,24,NA,jewish,1,0,0,0,-1.57142669,-5.425547957
1,1,0,1,0,46,8000,jewish,1,0,0,1,0.862780437,-0.72821185
1,1,0,1,0,25,8000,jewish,0,0,0,0,3.484499454,6.130972505
1,1,1,0,0,40,8000,jewish,0,1,0,0,7.74158895,-3.084227145
0,0,0,0,1,72,12000,jewish,0,0,0,0,2.905057669,-5.590324998
0,0,0,0,0,28,12000,jewish,1,1,0,0,-10.89941859,-10.10818958
0,0,0,0,0,25,12000,jewish,0,1,0,0,0.839350596,-3.252055645
1,1,1,0,0,41,16000,jewish,0,0,0,0,12.73045063,18.03174257
1,1,0,1,0,34,12000,jewish,0,0,0,0,8.148495555,18.03174257
1,1,0,0,1,73,8000,jewish,1,0,0,0,-4.020610452,-0.731262937
0,0,0,0,0,40,24000,jewish,0,1,0,0,7.788448334,6.310444474
1,0,1,0,1,57,12000,jewish,1,0,0,1,5.468165278,-1.072461456
1,1,0,0,1,18,3000,jewish,0,0,1,1,7.788448334,8.304464817
1,1,1,0,0,29,12000,jewish,0,0,0,0,-10.89941859,-10.10818958
0,0,0,0,0,35,8000,jewish,1,1,1,1,-1.758938581,5.783672333
1,1,1,0,0,21,3000,jewish,1,0,0,0,-10.89941859,-10.10818958
1,1,1,0,0,56,24000,jewish,1,0,0,1,10.38673759,18.03174257
0,0,0,0,0,35,8000,jewish,1,1,1,1,10.38673759,10.8252573
0,0,0,0,0,30,12000,jewish,0,1,1,0,10.46877861,8.651765585
1,1,1,0,0,45,12000,jewish,1,1,0,0,-6.422934532,-1.072461456
1,1,0,0,1,22,3000,jewish,0,0,0,0,-6.235423088,-7.76381731
1,1,1,0,0,30,8000,jewish,0,0,0,0,5.80478251,3.786600828
1,0,0,0,0,32,12000,jewish,1,0,0,0,0.561344549,-1.075512394
0,0,0,0,0,32,12000,jewish,0,1,0,0,-8.579135537,-7.766868472
1,1,0,1,0,38,3000,jewish,0,0,0,0,-10.89941859,-10.10818958
1,1,1,0,0,28,3000,jewish,0,0,0,0,-6.422934532,-5.761204958
1,1,0,1,1,40,24000,jewish,0,1,0,0,12.42901444,10.64883709
1,1,1,0,0,30,3000,jewish,1,0,0,0,-3.938569427,-10.10818958
1,1,0,0,0,38,12000,jewish,0,0,0,0,5.119870305,3.778008223
1,1,1,0,1,61,8000,jewish,1,1,0,0,10.10873199,13.16962957
1,1,1,0,0,48,8000,jewish,1,0,0,0,-10.89941859,-10.10818958
0,0,0,0,0,33,16000,jewish,1,0,0,0,0.643385872,3.78965199
0,0,0,0,0,33,8000,jewish,1,0,0,NA,8.06645453,NA
0,0,0,0,0,35,3000,jewish,0,0,0,0,-3.034262061,-10.10818958
0,0,0,0,0,41,8000,jewish,0,0,0,0,-10.89941859,-10.10818958
0,0,0,0,1,39,24000,jewish,0,0,0,0,-1.375461668,1.445280463
1,1,0,1,0,40,3000,jewish,0,0,0,1,5.166729689,15.69042206
1,0,0,1,1,44,3000,jewish,1,0,1,1,10.71160316,8.651765585
1,1,0,1,0,43,16000,jewish,1,1,0,NA,-1.758938581,NA
1,1,0,1,0,26,3000,jewish,1,0,0,0,-4.020610452,-5.59337616
1,1,1,0,0,28,8000,jewish,1,0,0,1,-10.89941859,1.445280463
1,1,1,0,0,20,12000,jewish,1,0,0,0,-10.89941859,4.130850434
1,1,1,0,1,24,12000,jewish,0,0,0,0,-10.89941859,-10.10818958
1,0,0,0,0,33,12000,jewish,1,0,0,NA,-3.938569427,NA
1,1,0,0,0,23,12000,jewish,0,0,0,0,-10.89941859,-10.10818958
1,1,0,1,0,41,12000,jewish,0,1,1,1,13.00845623,11.00473046
1,1,0,1,1,33,12000,jewish,0,1,0,1,8.06645453,15.69042206
1,1,0,1,0,21,12000,jewish,1,0,0,1,10.10873199,1.268859208
0,0,0,0,1,30,12000,jewish,0,1,0,1,10.38673759,6.130972505
1,1,1,0,1,64,0,jewish,0,1,0,0,10.38673759,6.130972505
1,0,0,0,0,38,8000,jewish,1,0,0,0,0.643385872,-5.425547957
1,1,0,0,0,27,8000,jewish,1,0,1,1,-1.179496795,8.480886221
0,0,0,0,0,23,3000,jewish,1,1,0,0,12.70702124,-7.76381731
1,1,1,0,1,31,12000,jewish,1,1,0,0,1.058745384,-3.069532514
1,0,0,1,0,63,12000,jewish,1,0,0,0,-1.700327098,1.262757182
1,1,1,0,0,24,16000,jewish,0,0,1,1,17.67245293,18.03174257
0,0,0,0,0,36,8000,jewish,1,0,0,0,-1.375461668,-5.425547957
1,1,1,0,0,39,24000,jewish,0,1,0,0,-10.89941859,-10.10818958
0,0,0,0,1,43,16000,jewish,0,1,0,0,8.148495555,1.448331326
1,1,1,0,0,46,8000,jewish,1,0,0,0,-10.89941859,-10.10818958
0,0,0,0,0,30,3000,jewish,0,1,0,0,-10.89941859,-10.10818958
1,0,1,0,0,36,16000,jewish,1,1,0,1,0.862780437,NA
1,1,1,0,0,33,16000,jewish,0,1,0,0,-10.89941859,-10.10818958
1,1,0,0,0,41,8000,jewish,1,0,0,0,-10.89941859,-10.10818958
1,1,0,0,0,28,3000,jewish,1,0,0,0,-6.258852482,-5.590324998
1,1,0,1,0,22,16000,jewish,1,0,0,0,-6.235423088,-10.10818958
1,0,0,0,0,28,12000,jewish,0,0,1,NA,10.38673759,NA
1,1,0,1,1,39,16000,jewish,1,1,1,1,5.421305895,6.130972505
1,0,0,0,0,21,NA,muslim,1,0,1,1,6.1062181,6.307393909
1,0,1,0,0,21,NA,jewish,0,0,0,0,-1.676897407,-0.907684043
1,1,0,1,0,34,12000,jewish,1,0,0,0,10.46877861,8.651765585
1,1,0,1,0,22,16000,jewish,1,1,0,0,-1.375461668,1.448331326
1,0,0,1,0,30,8000,jewish,1,0,0,1,15.05073428,10.64883709
1,1,0,1,0,31,8000,jewish,0,0,0,0,-10.89941859,-10.10818958
1,0,0,1,0,34,12000,jewish,1,0,0,0,-10.89941859,-10.10818958
1,0,1,0,0,38,24000,jewish,1,1,0,NA,-10.89941859,NA
1,0,1,0,0,36,16000,jewish,1,1,0,0,-1.594856381,-3.084227145
0,0,0,0,0,48,8000,jewish,1,0,0,1,-4.184692502,-5.761204958
1,0,0,0,1,42,12000,jewish,1,1,0,NA,-6.422934532,NA
0,0,0,0,0,24,16000,jewish,0,0,0,0,-4.184692502,-1.072461456
1,1,0,0,0,32,16000,jewish,0,1,1,1,17.67245293,18.03174257
1,1,0,1,1,19,3000,muslim,0,0,0,0,17.67245293,NA
1,1,1,0,1,29,12000,jewish,0,1,1,1,15.35216928,18.03174257
1,1,0,1,1,46,12000,jewish,1,0,0,0,8.148495555,8.651765585
1,1,1,0,0,23,3000,jewish,1,0,0,0,-10.89941859,-10.10818958
1,1,1,0,0,26,3000,jewish,0,0,0,0,-10.89941859,-10.10818958
1,1,1,0,0,36,3000,jewish,1,1,0,NA,7.76501894,NA
0,0,0,0,0,24,NA,jewish,0,0,0,0,-10.89941859,-10.10818958
1,1,0,1,0,29,12000,jewish,1,1,0,0,-10.89941859,-10.10818958
1,1,1,0,0,46,12000,jewish,0,0,0,0,3.484499454,-0.907684043
1,0,1,0,0,29,8000,jewish,1,0,0,0,-10.89941859,-10.10818958
1,1,1,0,0,34,12000,jewish,0,1,0,0,-1.375461668,-3.249004483
0,0,0,0,1,34,8000,jewish,1,1,1,1,3.507929146,18.03174257
1,0,0,1,0,43,12000,jewish,1,0,0,1,2.905057669,-7.766868472
1,1,0,1,0,28,12000,jewish,0,1,0,0,-10.89941859,-10.10818958
1,1,0,1,0,45,16000,jewish,1,1,1,1,13.03188682,13.34910154
1,1,1,0,0,45,16000,jewish,1,1,0,0,-1.375461668,-1.072461456
0,0,0,0,0,39,24000,jewish,1,1,0,1,8.148495555,15.68737149
1,1,0,1,1,61,8000,jewish,0,0,0,0,-6.422934532,-5.59337616
1,1,0,0,0,28,12000,jewish,1,1,0,1,-1.758938581,-1.072461456
0,0,0,0,0,39,8000,jewish,1,0,1,1,0.58477439,1.268859208
1,1,0,1,1,36,16000,jewish,0,1,0,0,-1.782368422,-5.761204958
0,0,0,0,0,49,8000,jewish,0,0,0,0,-8.661177158,-7.934696674
1,0,1,0,0,37,24000,jewish,1,1,0,0,3.56654048,-0.548739657
1,1,0,1,0,24,3000,jewish,1,0,1,1,12.73045063,13.34910154
0,0,0,0,1,24,24000,jewish,0,0,0,NA,-8.661177158,NA
1,1,0,1,1,29,12000,jewish,0,1,0,0,-10.89941859,-10.10818958
1,1,0,1,0,28,8000,jewish,1,1,0,0,2.799586654,1.265808195
1,1,0,1,0,30,12000,jewish,1,1,1,1,5.80478251,3.966073096
0,0,0,0,1,60,3000,jewish,0,0,1,1,2.846446037,5.786723495
1,0,0,1,0,39,3000,jewish,1,0,0,1,-1.457502842,3.966073096
1,1,1,0,0,25,3000,christian,0,0,1,1,-1.562973559,-5.761204958
1,1,0,1,1,72,12000,jewish,1,1,0,0,15.05073428,8.651765585
1,1,1,0,0,27,12000,jewish,0,0,1,1,0.608204007,-3.245953619
0,0,0,0,0,27,8000,jewish,0,0,0,0,-10.89941859,-10.10818958
0,0,0,0,0,26,3000,jewish,1,0,1,1,13.00845623,1.101030856
1,1,1,0,0,30,3000,jewish,0,0,0,0,13.03188682,8.651765585
1,1,0,1,0,30,3000,jewish,1,0,0,0,-10.89941859,-7.766868472
1,0,0,0,0,29,8000,jewish,1,0,0,NA,-6.422934532,NA
1,1,0,1,0,34,3000,jewish,1,1,0,0,-8.579135537,-10.10818958
0,0,0,0,0,48,12000,jewish,0,0,0,0,12.42901444,3.607128859
0,0,0,0,0,54,12000,jewish,0,1,0,0,5.225340724,-5.761204958
1,1,0,1,0,33,12000,jewish,0,0,0,0,8.04302454,8.480886221
1,0,1,0,0,27,3000,jewish,0,0,0,NA,-10.89941859,NA
1,0,0,1,0,49,8000,jewish,0,0,0,0,-10.89941859,-10.10818958
1,1,0,0,0,22,3000,jewish,1,0,0,0,-1.480932534,-5.59337616
1,1,0,0,0,34,12000,jewish,0,1,1,1,0.944821537,1.445280463
1,0,0,1,1,32,8000,jewish,1,0,0,0,2.823016644,1.268859208
1,1,1,0,1,46,16000,jewish,1,0,0,0,-10.89941859,-10.10818958
1,0,0,1,1,30,3000,jewish,1,1,0,1,0.886210129,1.448331326
1,0,1,0,0,45,12000,jewish,1,0,0,0,-10.89941859,8.651765585
0,0,0,0,0,61,8000,jewish,0,0,0,0,-4.079221785,-1.072461456
0,0,0,0,1,46,16000,jewish,1,1,0,0,-10.89941859,-5.425547957
0,0,0,0,1,60,3000,jewish,0,1,0,0,-1.700327098,3.436249495
1,0,1,0,0,42,12000,jewish,1,1,0,0,0.886210129,5.783672333
1,0,1,0,1,39,8000,jewish,1,0,1,NA,3.461069465,NA
1,1,0,1,0,45,16000,jewish,0,0,0,0,5.8282125,3.957480192
1,1,0,0,0,26,8000,jewish,0,0,1,1,17.67245293,18.03174257
1,0,1,0,0,54,12000,jewish,1,0,0,0,-4.102651477,-5.761204958
1,1,1,0,0,28,8000,jewish,0,1,0,0,-10.89941859,-10.10818958
1,1,0,1,0,47,8000,jewish,1,0,0,NA,-10.89941859,NA
0,0,0,0,0,25,12000,jewish,1,0,0,0,-10.89941859,-10.10818958
1,1,0,1,0,28,NA,jewish,1,1,0,0,-10.89941859,-10.10818958
1,1,1,0,0,32,12000,jewish,0,0,0,0,-6.340893507,-10.10818958
0,0,0,0,0,40,3000,jewish,0,0,0,0,-4.184692502,-0.910735056
1,1,1,0,0,27,8000,jewish,0,0,0,0,-10.89941859,-10.10818958
1,0,0,1,0,24,12000,jewish,1,1,0,0,-3.938569427,-3.084227145
1,1,1,0,1,64,8000,jewish,1,0,0,0,-10.89941859,-10.10818958
1,1,1,0,0,30,12000,jewish,0,1,0,0,2.823016644,-5.590324998
1,0,0,1,0,20,12000,jewish,0,1,0,NA,-1.375461668,NA
1,1,0,0,0,30,24000,jewish,0,0,0,0,0.886210129,3.78965199
1,1,1,0,0,18,NA,jewish,0,0,0,0,-10.89941859,-10.10818958
1,1,1,0,0,19,16000,jewish,0,0,0,0,-8.579135537,-7.766868472
1,1,1,0,1,42,12000,jewish,1,1,0,0,-10.89941859,8.651765585
1,1,1,0,0,31,8000,jewish,1,1,1,1,10.38673759,8.651765585
1,0,1,0,1,50,16000,jewish,0,1,0,1,17.67245293,NA
1,1,0,0,1,22,24000,jewish,0,0,0,0,-1.375461668,1.613108665
1,1,0,0,0,37,12000,jewish,1,0,0,0,9.807295799,-1.072461456
1,1,0,1,0,39,16000,jewish,0,0,0,0,-3.719174564,3.96912396
1,0,0,1,0,29,3000,jewish,1,0,0,0,-3.938569427,-3.084227145
1,1,0,1,1,40,16000,jewish,0,1,1,1,5.526776314,10.64883709
1,1,1,0,1,28,16000,jewish,0,1,1,1,17.67245293,18.03174257
0,0,0,0,0,58,16000,jewish,1,0,1,1,-1.480932534,-3.416832983
1,0,0,1,0,21,3000,jewish,1,0,0,0,-3.938569427,-5.425547957
1,1,1,0,0,28,12000,jewish,0,0,0,0,-4.020610452,-3.252055645
1,1,0,1,0,25,12000,jewish,1,0,0,0,-4.020610452,-5.425547957
0,0,0,0,0,25,8000,jewish,1,0,0,0,-10.89941859,-10.10818958
1,0,1,0,0,24,12000,no religion,1,0,0,0,-6.258852482,-5.425547957
0,0,0,0,0,35,12000,jewish,1,1,0,1,-1.840979755,1.616159678
1,1,0,1,0,40,16000,jewish,1,0,0,0,-10.89941859,-10.10818958
1,1,0,1,1,59,16000,jewish,0,1,0,1,-6.340893507,-5.761204958
0,0,0,0,0,25,3000,jewish,0,0,0,NA,-6.258852482,NA
1,1,1,0,0,33,8000,jewish,1,0,0,0,-3.938569427,1.094928831
1,1,0,0,0,35,12000,jewish,1,0,0,0,2.881627977,-10.10818958
1,1,0,0,1,40,12000,jewish,0,0,0,1,3.507929146,3.96912396
1,1,0,1,0,31,8000,jewish,0,0,0,0,-4.184692502,-5.761204958
0,0,0,0,0,49,8000,jewish,1,1,0,1,0.50273329,-1.078563482
1,1,1,0,0,40,12000,jewish,0,1,1,1,3.124452233,1.445280463
1,1,0,1,0,33,8000,christian,1,0,0,0,-1.398891509,-7.766868472
0,0,0,0,0,23,3000,jewish,1,0,0,0,-10.89941859,-10.10818958
1,0,1,0,0,22,12000,jewish,1,0,0,0,-8.661177158,-10.10818958
1,1,0,0,1,23,3000,jewish,0,0,0,0,-8.579135537,-7.766868472
1,1,0,0,0,24,3000,jewish,1,0,0,0,-1.782368422,-3.249004483
1,0,1,0,0,28,8000,jewish,0,0,0,0,0.66681549,1.268859208
1,1,1,0,0,22,3000,jewish,1,0,0,0,-10.89941859,-10.10818958
0,0,0,0,1,36,12000,jewish,0,0,1,1,0.886210129,6.142616272
1,1,1,0,1,28,16000,jewish,0,0,0,1,5.143299699,1.268859208
1,1,0,1,0,25,12000,jewish,1,0,1,0,5.421305895,6.139565706
1,1,1,0,1,39,24000,jewish,0,1,1,1,10.41016698,18.03174257
1,1,0,1,0,32,3000,no religion,0,0,0,1,5.80478251,6.307393909
1,1,0,0,0,23,8000,jewish,0,0,0,0,-8.661177158,-10.10818958
1,1,0,1,0,31,3000,jewish,1,0,0,0,-6.258852482,-5.425547957
1,0,1,0,0,23,3000,jewish,0,0,0,NA,-10.89941859,NA
1,0,0,1,1,22,3000,jewish,1,0,0,0,-10.89941859,-10.10818958
0,0,0,0,0,23,NA,jewish,1,0,0,0,-10.89941859,NA
1,1,0,1,0,37,3000,jewish,0,0,0,0,-10.89941859,-10.10818958
1,1,0,0,0,23,12000,jewish,0,0,0,0,-10.89941859,-10.10818958
1,0,0,1,0,32,16000,jewish,1,1,0,0,-8.579135537,NA
1,1,0,1,0,43,12000,jewish,1,1,1,1,7.487012744,13.34910154
1,0,1,0,1,23,16000,jewish,0,0,0,1,5.143299699,3.445402682
1,1,0,0,0,26,3000,jewish,0,0,0,0,-10.89941859,-10.10818958
1,0,1,0,0,23,3000,jewish,0,1,0,0,-10.89941859,-3.252055645
1,1,0,1,1,42,12000,jewish,1,0,0,0,5.526776314,6.130972505
1,1,0,0,0,46,12000,jewish,0,0,0,0,-10.89941859,-10.10818958
1,0,1,0,0,32,12000,jewish,1,0,0,NA,-8.555706143,NA
0,0,0,0,0,27,12000,christian,0,0,1,0,5.444735289,1.268859208
1,1,1,0,0,32,8000,jewish,1,1,0,0,0.561344549,1.097979918
0,0,0,0,0,26,24000,jewish,0,1,0,0,-4.102651477,-10.10818958
1,1,0,0,0,29,16000,jewish,1,0,0,0,-1.457502842,-0.72821185
1,1,1,0,0,35,12000,jewish,1,0,0,1,9.807295799,10.46936512
1,1,1,0,0,42,16000,jewish,1,1,1,1,3.206493258,1.445280463
1,0,0,1,0,41,3000,jewish,1,0,0,1,-4.184692502,1.097979918
1,1,1,0,0,24,3000,jewish,0,0,0,0,-10.89941859,-10.10818958
1,1,1,0,1,25,8000,no religion,0,0,0,0,2.799586654,5.783672333
1,0,0,1,0,25,12000,jewish,0,0,0,0,0.479303598,-10.10818958
1,1,1,0,0,39,12000,jewish,1,0,0,0,-6.317464113,-7.76381731
1,0,1,0,0,25,12000,jewish,1,0,0,0,-10.89941859,-10.10818958
0,0,0,0,0,23,8000,jewish,0,0,0,0,-6.211993098,-5.425547957
0,0,0,0,0,27,3000,jewish,1,0,0,0,-4.020610452,-10.10818958
1,0,1,0,0,24,3000,jewish,0,0,0,NA,15.32873988,NA
1,1,0,1,0,42,12000,jewish,0,1,0,1,0.757309645,18.03174257
0,0,0,0,0,31,8000,jewish,1,0,0,0,-10.89941859,-1.072461456
1,0,0,0,0,35,16000,jewish,1,1,0,0,-6.422934532,NA
0,0,0,0,0,32,12000,jewish,1,0,0,0,-10.89941859,NA
1,1,1,0,1,31,12000,jewish,0,0,0,NA,5.886824131,NA
1,0,0,1,0,27,3000,jewish,1,0,0,0,-10.89941859,-10.10818958